,timestamp,topic,source,ux,uy,uz,uyaw
,1772303318.022918,/drone1/cmd_vel,controller,0,0,0,0
,1772303318.022950,/drone1/cmd_vel,manual,0.3,0,0,0
,1772303318.043073,/drone1/cmd_vel,manual,0.3,0,0,0
,1772303318.063169,/drone1/cmd_vel,manual,0.3,0,0,0
,1772303318.083128,/drone1/cmd_vel,manual,0.3,0,0,0
,1772303318.103159,/drone1/cmd_vel,manual,0.3,0,0,0
,1772303318.123401,/drone1/cmd_vel,manual,0.3,0,0,0
,1772303318.143021,/drone1/cmd_vel,manual,0.3,0,0,0
,1772303318.163097,/drone1/cmd_vel,manual,0.3,0,0,0
,1772303318.190868,/drone1/cmd_vel,manual,0.3,0,0,0
,1772303318.203142,/drone1/cmd_vel,manual,0.3,0,0,0
,1772303318.223198,/drone1/cmd_vel,manual,0.3,0,0,0
,1772303318.243000,/drone1/cmd_vel,manual,0.3,0,0,0
,1772303318.265659,/drone1/cmd_vel,manual,0.3,0,0,0
,1772303318.283005,/drone1/cmd_vel,manual,0.3,0,0,0
,1772303318.303135,/drone1/cmd_vel,manual,0.3,0,0,0
,1772303318.323774,/drone1/cmd_vel,manual,0.3,0,0,0
,1772303318.343025,/drone1/cmd_vel,manual,0.3,0,0,0
,1772303318.363113,/drone1/cmd_vel,manual,0.3,0,0,0
,1772303318.383061,/drone1/cmd_vel,manual,0.3,0,0,0
,1772303318.403049,/drone1/cmd_vel,manual,0.3,0,0,0
,1772303318.423165,/drone1/cmd_vel,manual,0.3,0,0,0
,1772303318.443090,/drone1/cmd_vel,manual,0.3,0,0,0
,1772303318.463188,/drone1/cmd_vel,manual,0.3,0,0,0
,1772303318.483086,/drone1/cmd_vel,manual,0.3,0,0,0
,1772303318.503269,/drone1/cmd_vel,manual,0.3,0,0,0
,1772303318.523136,/drone1/cmd_vel,manual,0.3,0,0,0
,1772303318.543072,/drone1/cmd_vel,manual,0.3,0,0,0
,1772303318.565134,/drone1/cmd_vel,manual,0.3,0,0,0
,1772303318.584450,/drone1/cmd_vel,manual,0.3,0,0,0
,1772303318.603533,/drone1/cmd_vel,manual,0.3,0,0,0
,1772303318.624270,/drone1/cmd_vel,manual,0.3,0,0,0
,1772303318.643164,/drone1/cmd_vel,manual,0.3,0,0,0
,1772303318.663089,/drone1/cmd_vel,manual,0.3,0,0,0
,1772303318.683075,/drone1/cmd_vel,manual,0.3,0,0,0
,1772303318.703118,/drone1/cmd_vel,manual,0.3,0,0,0
,1772303318.723264,/drone1/cmd_vel,manual,0.3,0,0,0
,1772303318.743070,/drone1/cmd_vel,manual,0.3,0,0,0
,1772303318.767298,/drone1/cmd_vel,manual,0.3,0,0,0
,1772303318.783066,/drone1/cmd_vel,manual,0.3,0,0,0
,1772303318.803053,/drone1/cmd_vel,manual,0.3,0,0,0
,1772303318.823153,/drone1/cmd_vel,manual,0.3,0,0,0
,1772303318.843093,/drone1/cmd_vel,manual,0.3,0,0,0
,1772303318.864285,/drone1/cmd_vel,manual,0.3,0,0,0
,1772303318.884638,/drone1/cmd_vel,manual,0.3,0,0,0
,1772303318.903092,/drone1/cmd_vel,manual,0.3,0,0,0
,1772303318.923365,/drone1/cmd_vel,manual,0.3,0,0,0
,1772303318.943132,/drone1/cmd_vel,manual,0.3,0,0,0
,1772303318.963036,/drone1/cmd_vel,manual,0.3,0,0,0
,1772303318.983242,/drone1/cmd_vel,manual,0.3,0,0,0
,1772303319.003127,/drone1/cmd_vel,manual,0.3,0,0,0
,1772303319.023271,/drone1/cmd_vel,manual,0.3,0,0,0
,1772303319.046321,/drone1/cmd_vel,manual,0.3,0,0,0
,1772303319.063077,/drone1/cmd_vel,manual,0.3,0,0,0
,1772303319.086787,/drone1/cmd_vel,manual,0.3,0,0,0
,1772303319.103074,/drone1/cmd_vel,manual,0.3,0,0,0
,1772303319.123190,/drone1/cmd_vel,manual,0.3,0,0,0
,1772303319.143075,/drone1/cmd_vel,manual,0.3,0,0,0
,1772303319.163937,/drone1/cmd_vel,manual,0.3,0,0,0
,1772303319.183078,/drone1/cmd_vel,manual,0.3,0,0,0
,1772303319.203030,/drone1/cmd_vel,manual,0.3,0,0,0
,1772303319.223159,/drone1/cmd_vel,manual,0.3,0,0,0
,1772303319.246248,/drone1/cmd_vel,manual,0.3,0,0,0
,1772303319.263067,/drone1/cmd_vel,manual,0.3,0,0,0
,1772303319.283093,/drone1/cmd_vel,manual,0.3,0,0,0
,1772303319.303113,/drone1/cmd_vel,manual,0.3,0,0,0
,1772303319.323251,/drone1/cmd_vel,manual,0.3,0,0,0
,1772303319.343008,/drone1/cmd_vel,manual,0.3,0,0,0
,1772303319.363057,/drone1/cmd_vel,manual,0.3,0,0,0
,1772303319.383130,/drone1/cmd_vel,manual,0.3,0,0,0
,1772303319.404513,/drone1/cmd_vel,manual,0.3,0,0,0
,1772303319.435187,/drone1/cmd_vel,manual,0.3,0,0,0
,1772303319.443119,/drone1/cmd_vel,manual,0.3,0,0,0
,1772303319.465351,/drone1/cmd_vel,manual,0.3,0,0,0
,1772303319.483078,/drone1/cmd_vel,manual,0.3,0,0,0
,1772303319.503144,/drone1/cmd_vel,manual,0.3,0,0,0
,1772303319.523613,/drone1/cmd_vel,manual,0.3,0,0,0
,1772303319.550760,/drone1/cmd_vel,manual,0.3,0,0,0
,1772303319.563068,/drone1/cmd_vel,manual,0.3,0,0,0
,1772303319.583069,/drone1/cmd_vel,manual,0.3,0,0,0
,1772303319.603115,/drone1/cmd_vel,manual,0.3,0,0,0
,1772303319.623194,/drone1/cmd_vel,manual,0.3,0,0,0
,1772303319.643066,/drone1/cmd_vel,manual,0.3,0,0,0
,1772303319.663279,/drone1/cmd_vel,manual,0.3,0,0,0
,1772303319.685546,/drone1/cmd_vel,manual,0.3,0,0,0
,1772303319.703088,/drone1/cmd_vel,manual,0.3,0,0,0
,1772303319.724135,/drone1/cmd_vel,manual,0.3,0,0,0
,1772303319.743106,/drone1/cmd_vel,manual,0.3,0,0,0
,1772303319.763421,/drone1/cmd_vel,manual,0.3,0,0,0
,1772303319.783259,/drone1/cmd_vel,manual,0.3,0,0,0
,1772303319.803154,/drone1/cmd_vel,manual,0.3,0,0,0
,1772303319.823117,/drone1/cmd_vel,manual,0.3,0,0,0
,1772303319.848493,/drone1/cmd_vel,manual,0.3,0,0,0
,1772303319.863122,/drone1/cmd_vel,manual,0.3,0,0,0
,1772303319.883146,/drone1/cmd_vel,manual,0.3,0,0,0
,1772303319.904018,/drone1/cmd_vel,manual,0.3,0,0,0
,1772303319.923114,/drone1/cmd_vel,manual,0.3,0,0,0
,1772303319.946842,/drone1/cmd_vel,manual,0.3,0,0,0
,1772303319.963161,/drone1/cmd_vel,manual,0.3,0,0,0
,1772303319.983169,/drone1/cmd_vel,manual,0.3,0,0,0
,1772303320.003201,/drone1/cmd_vel,manual,0.3,0,0,0
,1772303320.026847,/drone1/cmd_vel,manual,0.3,0,0,0
,1772303320.043232,/drone1/cmd_vel,manual,0.3,0,0,0
,1772303320.063564,/drone1/cmd_vel,manual,0.3,0,0,0
,1772303320.083277,/drone1/cmd_vel,manual,0.3,0,0,0
,1772303320.103067,/drone1/cmd_vel,manual,0.3,0,0,0
,1772303320.122995,/drone1/cmd_vel,manual,0.3,0,0,0
,1772303320.143200,/drone1/cmd_vel,manual,0.3,0,0,0
,1772303320.166773,/drone1/cmd_vel,manual,0.3,0,0,0
,1772303320.183256,/drone1/cmd_vel,manual,0.3,0,0,0
,1772303320.203118,/drone1/cmd_vel,manual,0.3,0,0,0
,1772303320.223164,/drone1/cmd_vel,manual,0.3,0,0,0
,1772303320.243134,/drone1/cmd_vel,manual,0.3,0,0,0
,1772303320.265003,/drone1/cmd_vel,manual,0.3,0,0,0
,1772303320.286419,/drone1/cmd_vel,manual,0.3,0,0,0
,1772303320.303192,/drone1/cmd_vel,manual,0.3,0,0,0
,1772303320.323347,/drone1/cmd_vel,manual,0.3,0,0,0
,1772303320.343392,/drone1/cmd_vel,manual,0.3,0,0,0
,1772303320.363150,/drone1/cmd_vel,manual,0.3,0,0,0
,1772303320.383057,/drone1/cmd_vel,manual,0.3,0,0,0
,1772303320.405784,/drone1/cmd_vel,manual,0.3,0,0,0
,1772303320.424706,/drone1/cmd_vel,manual,0.3,0,0,0
,1772303320.443131,/drone1/cmd_vel,manual,0.3,0,0,0
,1772303320.466803,/drone1/cmd_vel,manual,0.3,0,0,0
,1772303320.484454,/drone1/cmd_vel,manual,0.3,0,0,0
,1772303320.504541,/drone1/cmd_vel,manual,0.3,0,0,0
,1772303320.524010,/drone1/cmd_vel,manual,0.3,0,0,0
,1772303320.543283,/drone1/cmd_vel,manual,0.3,0,0,0
,1772303320.568307,/drone1/cmd_vel,manual,0.3,0,0,0
,1772303320.583120,/drone1/cmd_vel,manual,0.3,0,0,0
,1772303320.603207,/drone1/cmd_vel,manual,0.3,0,0,0
,1772303320.624391,/drone1/cmd_vel,manual,0.3,0,0,0
,1772303320.643042,/drone1/cmd_vel,manual,0.3,0,0,0
,1772303320.663087,/drone1/cmd_vel,manual,0.3,0,0,0
,1772303320.683056,/drone1/cmd_vel,manual,0.3,0,0,0
,1772303320.703576,/drone1/cmd_vel,manual,0.3,0,0,0
,1772303320.723114,/drone1/cmd_vel,manual,0.3,0,0,0
,1772303320.743121,/drone1/cmd_vel,manual,0.3,0,0,0
,1772303320.763047,/drone1/cmd_vel,manual,0.3,0,0,0
,1772303320.783127,/drone1/cmd_vel,manual,0.3,0,0,0
,1772303320.803846,/drone1/cmd_vel,manual,0.3,0,0,0
,1772303320.823568,/drone1/cmd_vel,manual,0.3,0,0,0
,1772303320.843167,/drone1/cmd_vel,manual,0.3,0,0,0
,1772303320.863152,/drone1/cmd_vel,manual,0.3,0,0,0
,1772303320.883347,/drone1/cmd_vel,manual,0.3,0,0,0
,1772303320.903083,/drone1/cmd_vel,manual,0.3,0,0,0
,1772303320.923100,/drone1/cmd_vel,manual,0.3,0,0,0
,1772303320.943101,/drone1/cmd_vel,manual,0.3,0,0,0
,1772303320.963231,/drone1/cmd_vel,manual,0.3,0,0,0
,1772303320.983681,/drone1/cmd_vel,manual,0.3,0,0,0
,1772303321.003103,/drone1/cmd_vel,manual,0.3,0,0,0
,1772303321.023198,/drone1/cmd_vel,manual,0.3,0,0,0
,1772303321.043175,/drone1/cmd_vel,manual,0.3,0,0,0
,1772303321.063262,/drone1/cmd_vel,manual,0.3,0,0,0
,1772303321.083259,/drone1/cmd_vel,manual,0.3,0,0,0
,1772303321.103060,/drone1/cmd_vel,manual,0.3,0,0,0
,1772303321.126010,/drone1/cmd_vel,manual,0.3,0,0,0
,1772303321.143759,/drone1/cmd_vel,manual,0.3,0,0,0
,1772303321.163988,/drone1/cmd_vel,manual,0.3,0,0,0
,1772303321.183560,/drone1/cmd_vel,manual,-0.3,0,0,0
,1772303321.203132,/drone1/cmd_vel,manual,-0.3,0,0,0
,1772303321.224058,/drone1/cmd_vel,manual,-0.3,0,0,0
,1772303321.245277,/drone1/cmd_vel,manual,-0.3,0,0,0
,1772303321.263120,/drone1/cmd_vel,manual,-0.3,0,0,0
,1772303321.284983,/drone1/cmd_vel,manual,-0.3,0,0,0
,1772303321.303084,/drone1/cmd_vel,manual,-0.3,0,0,0
,1772303321.323220,/drone1/cmd_vel,manual,-0.3,0,0,0
,1772303321.343102,/drone1/cmd_vel,manual,-0.3,0,0,0
,1772303321.363089,/drone1/cmd_vel,manual,-0.3,0,0,0
,1772303321.383068,/drone1/cmd_vel,manual,-0.3,0,0,0
,1772303321.403078,/drone1/cmd_vel,manual,-0.3,0,0,0
,1772303321.423126,/drone1/cmd_vel,manual,-0.3,0,0,0
,1772303321.443110,/drone1/cmd_vel,manual,-0.3,0,0,0
,1772303321.467911,/drone1/cmd_vel,manual,-0.3,0,0,0
,1772303321.483322,/drone1/cmd_vel,manual,-0.3,0,0,0
,1772303321.503060,/drone1/cmd_vel,manual,-0.3,0,0,0
,1772303321.523208,/drone1/cmd_vel,manual,-0.3,0,0,0
,1772303321.543095,/drone1/cmd_vel,manual,-0.3,0,0,0
,1772303321.563083,/drone1/cmd_vel,manual,-0.3,0,0,0
,1772303321.583122,/drone1/cmd_vel,manual,-0.3,0,0,0
,1772303321.603166,/drone1/cmd_vel,manual,-0.3,0,0,0
,1772303321.623297,/drone1/cmd_vel,manual,-0.3,0,0,0
,1772303321.643119,/drone1/cmd_vel,manual,-0.3,0,0,0
,1772303321.663061,/drone1/cmd_vel,manual,-0.3,0,0,0
,1772303321.683056,/drone1/cmd_vel,manual,-0.3,0,0,0
,1772303321.703147,/drone1/cmd_vel,manual,-0.3,0,0,0
,1772303321.723125,/drone1/cmd_vel,manual,-0.3,0,0,0
,1772303321.743378,/drone1/cmd_vel,manual,-0.3,0,0,0
,1772303321.763157,/drone1/cmd_vel,manual,-0.3,0,0,0
,1772303321.785494,/drone1/cmd_vel,manual,-0.3,0,0,0
,1772303321.803248,/drone1/cmd_vel,manual,-0.3,0,0,0
,1772303321.823114,/drone1/cmd_vel,manual,-0.3,0,0,0
,1772303321.845970,/drone1/cmd_vel,manual,-0.3,0,0,0
,1772303321.863031,/drone1/cmd_vel,manual,-0.3,0,0,0
,1772303321.883180,/drone1/cmd_vel,manual,-0.3,0,0,0
,1772303321.903146,/drone1/cmd_vel,manual,-0.3,0,0,0
,1772303321.923173,/drone1/cmd_vel,manual,-0.3,0,0,0
,1772303321.948735,/drone1/cmd_vel,manual,-0.3,0,0,0
,1772303321.966898,/drone1/cmd_vel,manual,-0.3,0,0,0
,1772303321.983121,/drone1/cmd_vel,manual,-0.3,0,0,0
,1772303322.003018,/drone1/cmd_vel,manual,-0.3,0,0,0
,1772303322.023443,/drone1/cmd_vel,manual,-0.3,0,0,0
,1772303322.043104,/drone1/cmd_vel,manual,-0.3,0,0,0
,1772303322.063094,/drone1/cmd_vel,manual,-0.3,0,0,0
,1772303322.090236,/drone1/cmd_vel,manual,-0.3,0,0,0
,1772303322.103073,/drone1/cmd_vel,manual,-0.3,0,0,0
,1772303322.122998,/drone1/cmd_vel,manual,-0.3,0,0,0
,1772303322.143060,/drone1/cmd_vel,manual,-0.3,0,0,0
,1772303322.163310,/drone1/cmd_vel,manual,-0.3,0,0,0
,1772303322.183158,/drone1/cmd_vel,manual,-0.3,0,0,0
,1772303322.203323,/drone1/cmd_vel,manual,-0.3,0,0,0
,1772303322.223029,/drone1/cmd_vel,manual,-0.3,0,0,0
,1772303322.243097,/drone1/cmd_vel,manual,-0.3,0,0,0
,1772303322.263190,/drone1/cmd_vel,manual,-0.3,0,0,0
,1772303322.283113,/drone1/cmd_vel,manual,-0.3,0,0,0
,1772303322.303082,/drone1/cmd_vel,manual,-0.3,0,0,0
,1772303322.326818,/drone1/cmd_vel,manual,-0.3,0,0,0
,1772303322.343130,/drone1/cmd_vel,manual,-0.3,0,0,0
,1772303322.363228,/drone1/cmd_vel,manual,-0.3,0,0,0
,1772303322.383066,/drone1/cmd_vel,manual,-0.3,0,0,0
,1772303322.403001,/drone1/cmd_vel,manual,-0.3,0,0,0
,1772303322.423043,/drone1/cmd_vel,manual,-0.3,0,0,0
,1772303322.442994,/drone1/cmd_vel,manual,-0.3,0,0,0
,1772303322.464486,/drone1/cmd_vel,manual,-0.3,0,0,0
,1772303322.483138,/drone1/cmd_vel,manual,-0.3,0,0,0
,1772303322.503096,/drone1/cmd_vel,manual,-0.3,0,0,0
,1772303322.523173,/drone1/cmd_vel,manual,-0.3,0,0,0
,1772303322.542997,/drone1/cmd_vel,manual,-0.3,0,0,0
,1772303322.563061,/drone1/cmd_vel,manual,-0.3,0,0,0
,1772303322.583263,/drone1/cmd_vel,manual,-0.3,0,0,0
,1772303322.603044,/drone1/cmd_vel,manual,-0.3,0,0,0
,1772303322.626190,/drone1/cmd_vel,manual,-0.3,0,0,0
,1772303322.643106,/drone1/cmd_vel,manual,-0.3,0,0,0
,1772303322.663069,/drone1/cmd_vel,manual,-0.3,0,0,0
,1772303322.685717,/drone1/cmd_vel,manual,-0.3,0,0,0
,1772303322.703324,/drone1/cmd_vel,manual,-0.3,0,0,0
,1772303322.723218,/drone1/cmd_vel,manual,-0.3,0,0,0
,1772303322.743224,/drone1/cmd_vel,manual,-0.3,0,0,0
,1772303322.763111,/drone1/cmd_vel,manual,-0.3,0,0,0
,1772303322.783093,/drone1/cmd_vel,manual,-0.3,0,0,0
,1772303322.803204,/drone1/cmd_vel,manual,-0.3,0,0,0
,1772303322.823016,/drone1/cmd_vel,manual,-0.3,0,0,0
,1772303322.843626,/drone1/cmd_vel,manual,-0.3,0,0,0
,1772303322.866730,/drone1/cmd_vel,manual,-0.3,0,0,0
,1772303322.883051,/drone1/cmd_vel,manual,-0.3,0,0,0
,1772303322.903044,/drone1/cmd_vel,manual,-0.3,0,0,0
,1772303322.924243,/drone1/cmd_vel,manual,-0.3,0,0,0
,1772303322.943210,/drone1/cmd_vel,manual,-0.3,0,0,0
,1772303322.963137,/drone1/cmd_vel,manual,-0.3,0,0,0
,1772303322.983151,/drone1/cmd_vel,manual,-0.3,0,0,0
,1772303323.003053,/drone1/cmd_vel,manual,-0.3,0,0,0
,1772303323.026283,/drone1/cmd_vel,manual,-0.3,0,0,0
,1772303323.043120,/drone1/cmd_vel,manual,-0.3,0,0,0
,1772303323.063236,/drone1/cmd_vel,manual,-0.3,0,0,0
,1772303323.083093,/drone1/cmd_vel,manual,-0.3,0,0,0
,1772303323.103441,/drone1/cmd_vel,manual,-0.3,0,0,0
,1772303323.123151,/drone1/cmd_vel,manual,-0.3,0,0,0
,1772303323.143059,/drone1/cmd_vel,manual,-0.3,0,0,0
,1772303323.163138,/drone1/cmd_vel,manual,-0.3,0,0,0
,1772303323.186794,/drone1/cmd_vel,manual,-0.3,0,0,0
,1772303323.203097,/drone1/cmd_vel,manual,-0.3,0,0,0
,1772303323.223288,/drone1/cmd_vel,manual,-0.3,0,0,0
,1772303323.246802,/drone1/cmd_vel,manual,-0.3,0,0,0
,1772303323.263152,/drone1/cmd_vel,manual,-0.3,0,0,0
,1772303323.283075,/drone1/cmd_vel,manual,-0.3,0,0,0
,1772303323.303089,/drone1/cmd_vel,manual,-0.3,0,0,0
,1772303323.323200,/drone1/cmd_vel,manual,-0.3,0,0,0
,1772303323.343062,/drone1/cmd_vel,manual,-0.3,0,0,0
,1772303323.363127,/drone1/cmd_vel,manual,-0.3,0,0,0
,1772303323.383133,/drone1/cmd_vel,manual,-0.3,0,0,0
,1772303323.403063,/drone1/cmd_vel,manual,-0.3,0,0,0
,1772303323.423142,/drone1/cmd_vel,manual,-0.3,0,0,0
,1772303323.443440,/drone1/cmd_vel,manual,-0.3,0,0,0
,1772303323.463138,/drone1/cmd_vel,manual,-0.3,0,0,0
,1772303323.483161,/drone1/cmd_vel,manual,-0.3,0,0,0
,1772303323.503142,/drone1/cmd_vel,manual,-0.3,0,0,0
,1772303323.523991,/drone1/cmd_vel,manual,-0.3,0,0,0
,1772303323.544031,/drone1/cmd_vel,manual,-0.3,0,0,0
,1772303323.562996,/drone1/cmd_vel,manual,-0.3,0,0,0
,1772303323.583106,/drone1/cmd_vel,manual,-0.3,0,0,0
,1772303323.603272,/drone1/cmd_vel,manual,-0.3,0,0,0
,1772303323.623132,/drone1/cmd_vel,manual,-0.3,0,0,0
,1772303323.643046,/drone1/cmd_vel,manual,-0.3,0,0,0
,1772303323.663112,/drone1/cmd_vel,manual,-0.3,0,0,0
,1772303323.683181,/drone1/cmd_vel,manual,-0.3,0,0,0
,1772303323.710858,/drone1/cmd_vel,manual,-0.3,0,0,0
,1772303323.723098,/drone1/cmd_vel,manual,-0.3,0,0,0
,1772303323.743045,/drone1/cmd_vel,manual,-0.3,0,0,0
,1772303323.763057,/drone1/cmd_vel,manual,-0.3,0,0,0
,1772303323.785020,/drone1/cmd_vel,manual,-0.3,0,0,0
,1772303323.803068,/drone1/cmd_vel,manual,-0.3,0,0,0
,1772303323.824150,/drone1/cmd_vel,manual,-0.3,0,0,0
,1772303323.843154,/drone1/cmd_vel,manual,-0.3,0,0,0
,1772303323.863188,/drone1/cmd_vel,manual,-0.3,0,0,0
,1772303323.883433,/drone1/cmd_vel,manual,-0.3,0,0,0
,1772303323.903066,/drone1/cmd_vel,manual,-0.3,0,0,0
,1772303323.923038,/drone1/cmd_vel,manual,-0.3,0,0,0
,1772303323.945440,/drone1/cmd_vel,manual,-0.3,0,0,0
,1772303323.963108,/drone1/cmd_vel,manual,-0.3,0,0,0
,1772303323.983114,/drone1/cmd_vel,manual,-0.3,0,0,0
,1772303324.003653,/drone1/cmd_vel,manual,-0.3,0,0,0
,1772303324.023404,/drone1/cmd_vel,manual,-0.3,0,0,0
,1772303324.043046,/drone1/cmd_vel,manual,-0.3,0,0,0
,1772303324.063109,/drone1/cmd_vel,manual,-0.3,0,0,0
,1772303324.083096,/drone1/cmd_vel,manual,-0.3,0,0,0
,1772303324.103082,/drone1/cmd_vel,manual,-0.3,0,0,0
,1772303324.123113,/drone1/cmd_vel,manual,-0.3,0,0,0
,1772303324.143078,/drone1/cmd_vel,manual,-0.3,0,0,0
,1772303324.163098,/drone1/cmd_vel,manual,-0.3,0,0,0
,1772303324.183031,/drone1/cmd_vel,manual,-0.3,0,0,0
,1772303324.203236,/drone1/cmd_vel,manual,-0.3,0,0,0
,1772303324.224791,/drone1/cmd_vel,manual,-0.3,0,0,0
,1772303324.243152,/drone1/cmd_vel,manual,-0.3,0,0,0
,1772303324.263225,/drone1/cmd_vel,manual,-0.3,0,0,0
,1772303324.283108,/drone1/cmd_vel,manual,-0.3,0,0,0
,1772303324.303148,/drone1/cmd_vel,manual,-0.3,0,0,0
,1772303324.323119,/drone1/cmd_vel,manual,0.3,0,0,0
,1772303324.344000,/drone1/cmd_vel,manual,0.3,0,0,0
,1772303324.363091,/drone1/cmd_vel,manual,0.3,0,0,0
,1772303324.383045,/drone1/cmd_vel,manual,0.3,0,0,0
,1772303324.404313,/drone1/cmd_vel,manual,0.3,0,0,0
,1772303324.423155,/drone1/cmd_vel,manual,0.3,0,0,0
,1772303324.443100,/drone1/cmd_vel,manual,0.3,0,0,0
,1772303324.463383,/drone1/cmd_vel,manual,0.3,0,0,0
,1772303324.486017,/drone1/cmd_vel,manual,0.3,0,0,0
,1772303324.503089,/drone1/cmd_vel,manual,0.3,0,0,0
,1772303324.523167,/drone1/cmd_vel,manual,0.3,0,0,0
,1772303324.543293,/drone1/cmd_vel,manual,0.3,0,0,0
,1772303324.565713,/drone1/cmd_vel,manual,0.3,0,0,0
,1772303324.583256,/drone1/cmd_vel,manual,0.3,0,0,0
,1772303324.603209,/drone1/cmd_vel,manual,0.3,0,0,0
,1772303324.623030,/drone1/cmd_vel,manual,0.3,0,0,0
,1772303324.643105,/drone1/cmd_vel,manual,0.3,0,0,0
,1772303324.665911,/drone1/cmd_vel,manual,0.3,0,0,0
,1772303324.683056,/drone1/cmd_vel,manual,0.3,0,0,0
,1772303324.706514,/drone1/cmd_vel,manual,0.3,0,0,0
,1772303324.723108,/drone1/cmd_vel,manual,0.3,0,0,0
,1772303324.743119,/drone1/cmd_vel,manual,0.3,0,0,0
,1772303324.763108,/drone1/cmd_vel,manual,0.3,0,0,0
,1772303324.783024,/drone1/cmd_vel,manual,0.3,0,0,0
,1772303324.803164,/drone1/cmd_vel,manual,0.3,0,0,0
,1772303324.823144,/drone1/cmd_vel,manual,0.3,0,0,0
,1772303324.843298,/drone1/cmd_vel,manual,0.3,0,0,0
,1772303324.863162,/drone1/cmd_vel,manual,0.3,0,0,0
,1772303324.883066,/drone1/cmd_vel,manual,0.3,0,0,0
,1772303324.903147,/drone1/cmd_vel,manual,0.3,0,0,0
,1772303324.923182,/drone1/cmd_vel,manual,0.3,0,0,0
,1772303324.943166,/drone1/cmd_vel,manual,0.3,0,0,0
,1772303324.963103,/drone1/cmd_vel,manual,0.3,0,0,0
,1772303324.983310,/drone1/cmd_vel,manual,0.3,0,0,0
,1772303325.003117,/drone1/cmd_vel,manual,0.3,0,0,0
,1772303325.023113,/drone1/cmd_vel,manual,0.3,0,0,0
,1772303325.042996,/drone1/cmd_vel,manual,0.3,0,0,0
,1772303325.063085,/drone1/cmd_vel,manual,0.3,0,0,0
,1772303325.083054,/drone1/cmd_vel,manual,0.3,0,0,0
,1772303325.103071,/drone1/cmd_vel,manual,0.3,0,0,0
,1772303325.123322,/drone1/cmd_vel,manual,0.3,0,0,0
,1772303325.143033,/drone1/cmd_vel,manual,0.3,0,0,0
,1772303325.163260,/drone1/cmd_vel,manual,0.3,0,0,0
,1772303325.183152,/drone1/cmd_vel,manual,0.3,0,0,0
,1772303325.203098,/drone1/cmd_vel,manual,0.3,0,0,0
,1772303325.223162,/drone1/cmd_vel,manual,0.3,0,0,0
,1772303325.243065,/drone1/cmd_vel,manual,0.3,0,0,0
,1772303325.263186,/drone1/cmd_vel,manual,0.3,0,0,0
,1772303325.283062,/drone1/cmd_vel,manual,0.3,0,0,0
,1772303325.303707,/drone1/cmd_vel,manual,0.3,0,0,0
,1772303325.323244,/drone1/cmd_vel,manual,0.3,0,0,0
,1772303325.343235,/drone1/cmd_vel,manual,0.3,0,0,0
,1772303325.363151,/drone1/cmd_vel,manual,0.3,0,0,0
,1772303325.383098,/drone1/cmd_vel,manual,0.3,0,0,0
,1772303325.403126,/drone1/cmd_vel,manual,0.3,0,0,0
,1772303325.423077,/drone1/cmd_vel,manual,0.3,0,0,0
,1772303325.445770,/drone1/cmd_vel,manual,0.3,0,0,0
,1772303325.466474,/drone1/cmd_vel,manual,0.3,0,0,0
,1772303325.483053,/drone1/cmd_vel,manual,0.3,0,0,0
,1772303325.503081,/drone1/cmd_vel,manual,0.3,0,0,0
,1772303325.523130,/drone1/cmd_vel,manual,0.3,0,0,0
,1772303325.543150,/drone1/cmd_vel,manual,0.3,0,0,0
,1772303325.563199,/drone1/cmd_vel,manual,0.3,0,0,0
,1772303325.583065,/drone1/cmd_vel,manual,0.3,0,0,0
,1772303325.603071,/drone1/cmd_vel,manual,0.3,0,0,0
,1772303325.623129,/drone1/cmd_vel,manual,0.3,0,0,0
,1772303325.643055,/drone1/cmd_vel,manual,0.3,0,0,0
,1772303325.667596,/drone1/cmd_vel,manual,0.3,0,0,0
,1772303325.683163,/drone1/cmd_vel,manual,0.3,0,0,0
,1772303325.703091,/drone1/cmd_vel,manual,0.3,0,0,0
,1772303325.723023,/drone1/cmd_vel,manual,0.3,0,0,0
,1772303325.743151,/drone1/cmd_vel,manual,0.3,0,0,0
,1772303325.763114,/drone1/cmd_vel,manual,0.3,0,0,0
,1772303325.783130,/drone1/cmd_vel,manual,0.3,0,0,0
,1772303325.803152,/drone1/cmd_vel,manual,0.3,0,0,0
,1772303325.823091,/drone1/cmd_vel,manual,0.3,0,0,0
,1772303325.843189,/drone1/cmd_vel,manual,0.3,0,0,0
,1772303325.864259,/drone1/cmd_vel,manual,0.3,0,0,0
,1772303325.885515,/drone1/cmd_vel,manual,0.3,0,0,0
,1772303325.903127,/drone1/cmd_vel,manual,0.3,0,0,0
,1772303325.923086,/drone1/cmd_vel,manual,0.3,0,0,0
,1772303325.943090,/drone1/cmd_vel,manual,0.3,0,0,0
,1772303325.966729,/drone1/cmd_vel,manual,0.3,0,0,0
,1772303325.986789,/drone1/cmd_vel,manual,0.3,0,0,0
,1772303326.003042,/drone1/cmd_vel,manual,0.3,0,0,0
,1772303326.024256,/drone1/cmd_vel,manual,0.3,0,0,0
,1772303326.043164,/drone1/cmd_vel,manual,0.3,0,0,0
,1772303326.063064,/drone1/cmd_vel,manual,0.3,0,0,0
,1772303326.083008,/drone1/cmd_vel,manual,0.3,0,0,0
,1772303326.103061,/drone1/cmd_vel,manual,0.3,0,0,0
,1772303326.123997,/drone1/cmd_vel,manual,0.3,0,0,0
,1772303326.143152,/drone1/cmd_vel,manual,0.3,0,0,0
,1772303326.163064,/drone1/cmd_vel,manual,0.3,0,0,0
,1772303326.183090,/drone1/cmd_vel,manual,0.3,0,0,0
,1772303326.205064,/drone1/cmd_vel,manual,0.3,0,0,0
,1772303326.227627,/drone1/cmd_vel,manual,0.3,0,0,0
,1772303326.243583,/drone1/cmd_vel,manual,0.3,0,0,0
,1772303326.263193,/drone1/cmd_vel,manual,0.3,0,0,0
,1772303326.283025,/drone1/cmd_vel,manual,0.3,0,0,0
,1772303326.303092,/drone1/cmd_vel,manual,0.3,0,0,0
,1772303326.323479,/drone1/cmd_vel,manual,0.3,0,0,0
,1772303326.343307,/drone1/cmd_vel,manual,0.3,0,0,0
,1772303326.363108,/drone1/cmd_vel,manual,0.3,0,0,0
,1772303326.383112,/drone1/cmd_vel,manual,0.3,0,0,0
,1772303326.406851,/drone1/cmd_vel,manual,0.3,0,0,0
,1772303326.427301,/drone1/cmd_vel,manual,0.3,0,0,0
,1772303326.443085,/drone1/cmd_vel,manual,0.3,0,0,0
,1772303326.463110,/drone1/cmd_vel,manual,0.3,0,0,0
,1772303326.483135,/drone1/cmd_vel,manual,0.3,0,0,0
,1772303326.503138,/drone1/cmd_vel,manual,0.3,0,0,0
,1772303326.523136,/drone1/cmd_vel,manual,0.3,0,0,0
,1772303326.543080,/drone1/cmd_vel,manual,0.3,0,0,0
,1772303326.563144,/drone1/cmd_vel,manual,0.3,0,0,0
,1772303326.583121,/drone1/cmd_vel,manual,0.3,0,0,0
,1772303326.603112,/drone1/cmd_vel,manual,0.3,0,0,0
,1772303326.624012,/drone1/cmd_vel,manual,0.3,0,0,0
,1772303326.643361,/drone1/cmd_vel,manual,0.3,0,0,0
,1772303326.666934,/drone1/cmd_vel,manual,0.3,0,0,0
,1772303326.683139,/drone1/cmd_vel,manual,0.3,0,0,0
,1772303326.705276,/drone1/cmd_vel,manual,0.3,0,0,0
,1772303326.723153,/drone1/cmd_vel,manual,0.3,0,0,0
,1772303326.743306,/drone1/cmd_vel,manual,0.3,0,0,0
,1772303326.763047,/drone1/cmd_vel,manual,0.3,0,0,0
,1772303326.783538,/drone1/cmd_vel,manual,0.3,0,0,0
,1772303326.803096,/drone1/cmd_vel,manual,0.3,0,0,0
,1772303326.824875,/drone1/cmd_vel,manual,0.3,0,0,0
,1772303326.843067,/drone1/cmd_vel,manual,0.3,0,0,0
,1772303326.863094,/drone1/cmd_vel,manual,0.3,0,0,0
,1772303326.883013,/drone1/cmd_vel,manual,0.3,0,0,0
,1772303326.903145,/drone1/cmd_vel,manual,0.3,0,0,0
,1772303326.930212,/drone1/cmd_vel,manual,0.3,0,0,0
,1772303326.943879,/drone1/cmd_vel,manual,0.3,0,0,0
,1772303326.966002,/drone1/cmd_vel,manual,0.3,0,0,0
,1772303326.983174,/drone1/cmd_vel,manual,0.3,0,0,0
,1772303327.003201,/drone1/cmd_vel,manual,0.3,0,0,0
,1772303327.023177,/drone1/cmd_vel,manual,0.3,0,0,0
,1772303327.046828,/drone1/cmd_vel,manual,0.3,0,0,0
,1772303327.063043,/drone1/cmd_vel,manual,0.3,0,0,0
,1772303327.084963,/drone1/cmd_vel,manual,0.3,0,0,0
,1772303327.103072,/drone1/cmd_vel,manual,0.3,0,0,0
,1772303327.123963,/drone1/cmd_vel,manual,0.3,0,0,0
,1772303327.144236,/drone1/cmd_vel,manual,0.3,0,0,0
,1772303327.166238,/drone1/cmd_vel,manual,0.3,0,0,0
,1772303327.183138,/drone1/cmd_vel,manual,0.3,0,0,0
,1772303327.205326,/drone1/cmd_vel,manual,0.3,0,0,0
,1772303327.225539,/drone1/cmd_vel,manual,0.3,0,0,0
,1772303327.243787,/drone1/cmd_vel,manual,0.3,0,0,0
,1772303327.263236,/drone1/cmd_vel,manual,0.3,0,0,0
,1772303327.283165,/drone1/cmd_vel,manual,0.3,0,0,0
,1772303327.303003,/drone1/cmd_vel,manual,0.3,0,0,0
,1772303327.323052,/drone1/cmd_vel,manual,0.3,0,0,0
,1772303327.343380,/drone1/cmd_vel,manual,0.3,0,0,0
,1772303327.363062,/drone1/cmd_vel,manual,0.3,0,0,0
,1772303327.383198,/drone1/cmd_vel,manual,0.3,0,0,0
,1772303327.406200,/drone1/cmd_vel,manual,0.3,0,0,0
,1772303327.423114,/drone1/cmd_vel,manual,0.3,0,0,0
,1772303327.443153,/drone1/cmd_vel,manual,0.3,0,0,0
,1772303327.463099,/drone1/cmd_vel,manual,-0.3,0,0,0
,1772303327.483120,/drone1/cmd_vel,manual,-0.3,0,0,0
,1772303327.505416,/drone1/cmd_vel,manual,-0.3,0,0,0
,1772303327.523033,/drone1/cmd_vel,manual,-0.3,0,0,0
,1772303327.544213,/drone1/cmd_vel,manual,-0.3,0,0,0
,1772303327.563211,/drone1/cmd_vel,manual,-0.3,0,0,0
,1772303327.583080,/drone1/cmd_vel,manual,-0.3,0,0,0
,1772303327.603477,/drone1/cmd_vel,manual,-0.3,0,0,0
,1772303327.623075,/drone1/cmd_vel,manual,-0.3,0,0,0
,1772303327.643252,/drone1/cmd_vel,manual,-0.3,0,0,0
,1772303327.663074,/drone1/cmd_vel,manual,-0.3,0,0,0
,1772303327.683161,/drone1/cmd_vel,manual,-0.3,0,0,0
,1772303327.704329,/drone1/cmd_vel,manual,-0.3,0,0,0
,1772303327.723336,/drone1/cmd_vel,manual,-0.3,0,0,0
,1772303327.745695,/drone1/cmd_vel,manual,-0.3,0,0,0
,1772303327.763439,/drone1/cmd_vel,manual,-0.3,0,0,0
,1772303327.783210,/drone1/cmd_vel,manual,-0.3,0,0,0
,1772303327.803164,/drone1/cmd_vel,manual,-0.3,0,0,0
,1772303327.824264,/drone1/cmd_vel,manual,-0.3,0,0,0
,1772303327.843154,/drone1/cmd_vel,manual,-0.3,0,0,0
,1772303327.863261,/drone1/cmd_vel,manual,-0.3,0,0,0
,1772303327.883065,/drone1/cmd_vel,manual,-0.3,0,0,0
,1772303327.903090,/drone1/cmd_vel,manual,-0.3,0,0,0
,1772303327.927898,/drone1/cmd_vel,manual,-0.3,0,0,0
,1772303327.943879,/drone1/cmd_vel,manual,-0.3,0,0,0
,1772303327.963518,/drone1/cmd_vel,manual,-0.3,0,0,0
,1772303327.983174,/drone1/cmd_vel,manual,-0.3,0,0,0
,1772303328.004777,/drone1/cmd_vel,manual,-0.3,0,0,0
,1772303328.023112,/drone1/cmd_vel,manual,-0.3,0,0,0
,1772303328.043182,/drone1/cmd_vel,manual,-0.3,0,0,0
,1772303328.066874,/drone1/cmd_vel,manual,-0.3,0,0,0
,1772303328.083246,/drone1/cmd_vel,manual,-0.3,0,0,0
,1772303328.103096,/drone1/cmd_vel,manual,-0.3,0,0,0
,1772303328.124985,/drone1/cmd_vel,manual,-0.3,0,0,0
,1772303328.143111,/drone1/cmd_vel,manual,-0.3,0,0,0
,1772303328.163150,/drone1/cmd_vel,manual,-0.3,0,0,0
,1772303328.183123,/drone1/cmd_vel,manual,-0.3,0,0,0
,1772303328.203200,/drone1/cmd_vel,manual,-0.3,0,0,0
,1772303328.223136,/drone1/cmd_vel,manual,-0.3,0,0,0
,1772303328.243109,/drone1/cmd_vel,manual,-0.3,0,0,0
,1772303328.263165,/drone1/cmd_vel,manual,-0.3,0,0,0
,1772303328.286016,/drone1/cmd_vel,manual,-0.3,0,0,0
,1772303328.303141,/drone1/cmd_vel,manual,-0.3,0,0,0
,1772303328.323116,/drone1/cmd_vel,manual,-0.3,0,0,0
,1772303328.343106,/drone1/cmd_vel,manual,-0.3,0,0,0
,1772303328.363115,/drone1/cmd_vel,manual,-0.3,0,0,0
,1772303328.383112,/drone1/cmd_vel,manual,-0.3,0,0,0
,1772303328.405902,/drone1/cmd_vel,manual,-0.3,0,0,0
,1772303328.423207,/drone1/cmd_vel,manual,-0.3,0,0,0
,1772303328.444410,/drone1/cmd_vel,manual,-0.3,0,0,0
,1772303328.463355,/drone1/cmd_vel,manual,-0.3,0,0,0
,1772303328.483167,/drone1/cmd_vel,manual,-0.3,0,0,0
,1772303328.503057,/drone1/cmd_vel,manual,-0.3,0,0,0
,1772303328.523119,/drone1/cmd_vel,manual,-0.3,0,0,0
,1772303328.543155,/drone1/cmd_vel,manual,-0.3,0,0,0
,1772303328.563102,/drone1/cmd_vel,manual,-0.3,0,0,0
,1772303328.583171,/drone1/cmd_vel,manual,-0.3,0,0,0
,1772303328.603137,/drone1/cmd_vel,manual,-0.3,0,0,0
,1772303328.623060,/drone1/cmd_vel,manual,-0.3,0,0,0
,1772303328.651323,/drone1/cmd_vel,manual,-0.3,0,0,0
,1772303328.666816,/drone1/cmd_vel,manual,-0.3,0,0,0
,1772303328.683428,/drone1/cmd_vel,manual,-0.3,0,0,0
,1772303328.703120,/drone1/cmd_vel,manual,-0.3,0,0,0
,1772303328.723055,/drone1/cmd_vel,manual,-0.3,0,0,0
,1772303328.743060,/drone1/cmd_vel,manual,-0.3,0,0,0
,1772303328.764537,/drone1/cmd_vel,manual,-0.3,0,0,0
,1772303328.783021,/drone1/cmd_vel,manual,-0.3,0,0,0
,1772303328.803084,/drone1/cmd_vel,manual,-0.3,0,0,0
,1772303328.823128,/drone1/cmd_vel,manual,-0.3,0,0,0
,1772303328.843198,/drone1/cmd_vel,manual,-0.3,0,0,0
,1772303328.863110,/drone1/cmd_vel,manual,-0.3,0,0,0
,1772303328.884967,/drone1/cmd_vel,manual,-0.3,0,0,0
,1772303328.903152,/drone1/cmd_vel,manual,-0.3,0,0,0
,1772303328.923034,/drone1/cmd_vel,manual,-0.3,0,0,0
,1772303328.943058,/drone1/cmd_vel,manual,-0.3,0,0,0
,1772303328.963100,/drone1/cmd_vel,manual,-0.3,0,0,0
,1772303328.983201,/drone1/cmd_vel,manual,-0.3,0,0,0
,1772303329.003118,/drone1/cmd_vel,manual,-0.3,0,0,0
,1772303329.023053,/drone1/cmd_vel,manual,-0.3,0,0,0
,1772303329.045435,/drone1/cmd_vel,manual,-0.3,0,0,0
,1772303329.063027,/drone1/cmd_vel,manual,-0.3,0,0,0
,1772303329.083316,/drone1/cmd_vel,manual,-0.3,0,0,0
,1772303329.103443,/drone1/cmd_vel,manual,-0.3,0,0,0
,1772303329.123314,/drone1/cmd_vel,manual,-0.3,0,0,0
,1772303329.143107,/drone1/cmd_vel,manual,-0.3,0,0,0
,1772303329.163068,/drone1/cmd_vel,manual,-0.3,0,0,0
,1772303329.186760,/drone1/cmd_vel,manual,-0.3,0,0,0
,1772303329.203108,/drone1/cmd_vel,manual,-0.3,0,0,0
,1772303329.223286,/drone1/cmd_vel,manual,-0.3,0,0,0
,1772303329.243076,/drone1/cmd_vel,manual,-0.3,0,0,0
,1772303329.263175,/drone1/cmd_vel,manual,-0.3,0,0,0
,1772303329.283062,/drone1/cmd_vel,manual,-0.3,0,0,0
,1772303329.303155,/drone1/cmd_vel,manual,-0.3,0,0,0
,1772303329.329068,/drone1/cmd_vel,manual,-0.3,0,0,0
,1772303329.343438,/drone1/cmd_vel,manual,-0.3,0,0,0
,1772303329.363175,/drone1/cmd_vel,manual,-0.3,0,0,0
,1772303329.383087,/drone1/cmd_vel,manual,-0.3,0,0,0
,1772303329.403098,/drone1/cmd_vel,manual,-0.3,0,0,0
,1772303329.423083,/drone1/cmd_vel,manual,-0.3,0,0,0
,1772303329.443093,/drone1/cmd_vel,manual,-0.3,0,0,0
,1772303329.464128,/drone1/cmd_vel,manual,-0.3,0,0,0
,1772303329.483198,/drone1/cmd_vel,manual,-0.3,0,0,0
,1772303329.503178,/drone1/cmd_vel,manual,-0.3,0,0,0
,1772303329.523061,/drone1/cmd_vel,manual,-0.3,0,0,0
,1772303329.543648,/drone1/cmd_vel,manual,-0.3,0,0,0
,1772303329.570712,/drone1/cmd_vel,manual,-0.3,0,0,0
,1772303329.583129,/drone1/cmd_vel,manual,-0.3,0,0,0
,1772303329.603422,/drone1/cmd_vel,manual,-0.3,0,0,0
,1772303329.623332,/drone1/cmd_vel,manual,-0.3,0,0,0
,1772303329.643113,/drone1/cmd_vel,manual,-0.3,0,0,0
,1772303329.663146,/drone1/cmd_vel,manual,-0.3,0,0,0
,1772303329.683053,/drone1/cmd_vel,manual,-0.3,0,0,0
,1772303329.703057,/drone1/cmd_vel,manual,-0.3,0,0,0
,1772303329.723381,/drone1/cmd_vel,manual,-0.3,0,0,0
,1772303329.743079,/drone1/cmd_vel,manual,-0.3,0,0,0
,1772303329.763097,/drone1/cmd_vel,manual,-0.3,0,0,0
,1772303329.783068,/drone1/cmd_vel,manual,-0.3,0,0,0
,1772303329.803295,/drone1/cmd_vel,manual,-0.3,0,0,0
,1772303329.823218,/drone1/cmd_vel,manual,-0.3,0,0,0
,1772303329.843128,/drone1/cmd_vel,manual,-0.3,0,0,0
,1772303329.863075,/drone1/cmd_vel,manual,-0.3,0,0,0
,1772303329.883059,/drone1/cmd_vel,manual,-0.3,0,0,0
,1772303329.903038,/drone1/cmd_vel,manual,-0.3,0,0,0
,1772303329.923197,/drone1/cmd_vel,manual,-0.3,0,0,0
,1772303329.943238,/drone1/cmd_vel,manual,-0.3,0,0,0
,1772303329.963097,/drone1/cmd_vel,manual,-0.3,0,0,0
,1772303329.983088,/drone1/cmd_vel,manual,-0.3,0,0,0
,1772303330.003033,/drone1/cmd_vel,manual,-0.3,0,0,0
,1772303330.026894,/drone1/cmd_vel,manual,-0.3,0,0,0
,1772303330.043093,/drone1/cmd_vel,manual,-0.3,0,0,0
,1772303330.063094,/drone1/cmd_vel,manual,-0.3,0,0,0
,1772303330.083138,/drone1/cmd_vel,manual,-0.3,0,0,0
,1772303330.103084,/drone1/cmd_vel,manual,-0.3,0,0,0
,1772303330.123159,/drone1/cmd_vel,manual,-0.3,0,0,0
,1772303330.143097,/drone1/cmd_vel,manual,-0.3,0,0,0
,1772303330.163066,/drone1/cmd_vel,manual,-0.3,0,0,0
,1772303330.183273,/drone1/cmd_vel,manual,-0.3,0,0,0
,1772303330.203084,/drone1/cmd_vel,manual,-0.3,0,0,0
,1772303330.223204,/drone1/cmd_vel,manual,-0.3,0,0,0
,1772303330.243761,/drone1/cmd_vel,manual,-0.3,0,0,0
,1772303330.263111,/drone1/cmd_vel,manual,-0.3,0,0,0
,1772303330.283068,/drone1/cmd_vel,manual,-0.3,0,0,0
,1772303330.303102,/drone1/cmd_vel,manual,-0.3,0,0,0
,1772303330.323152,/drone1/cmd_vel,manual,-0.3,0,0,0
,1772303330.343140,/drone1/cmd_vel,manual,-0.3,0,0,0
,1772303330.363044,/drone1/cmd_vel,manual,-0.3,0,0,0
,1772303330.383066,/drone1/cmd_vel,manual,-0.3,0,0,0
,1772303330.405956,/drone1/cmd_vel,manual,-0.3,0,0,0
,1772303330.427005,/drone1/cmd_vel,manual,-0.3,0,0,0
,1772303330.443040,/drone1/cmd_vel,manual,-0.3,0,0,0
,1772303330.463068,/drone1/cmd_vel,manual,-0.3,0,0,0
,1772303330.483135,/drone1/cmd_vel,manual,-0.3,0,0,0
,1772303330.503152,/drone1/cmd_vel,manual,-0.3,0,0,0
,1772303330.523472,/drone1/cmd_vel,manual,-0.3,0,0,0
,1772303330.543153,/drone1/cmd_vel,manual,-0.3,0,0,0
,1772303330.563048,/drone1/cmd_vel,manual,-0.3,0,0,0
,1772303330.583058,/drone1/cmd_vel,manual,-0.3,0,0,0
,1772303330.606548,/drone1/cmd_vel,manual,0.3,0,0,0
,1772303330.623157,/drone1/cmd_vel,manual,0.3,0,0,0
,1772303330.643257,/drone1/cmd_vel,manual,0.3,0,0,0
,1772303330.663157,/drone1/cmd_vel,manual,0.3,0,0,0
,1772303330.683125,/drone1/cmd_vel,manual,0.3,0,0,0
,1772303330.703109,/drone1/cmd_vel,manual,0.3,0,0,0
,1772303330.723042,/drone1/cmd_vel,manual,0.3,0,0,0
,1772303330.743139,/drone1/cmd_vel,manual,0.3,0,0,0
,1772303330.763128,/drone1/cmd_vel,manual,0.3,0,0,0
,1772303330.783109,/drone1/cmd_vel,manual,0.3,0,0,0
,1772303330.803159,/drone1/cmd_vel,manual,0.3,0,0,0
,1772303330.823310,/drone1/cmd_vel,manual,0.3,0,0,0
,1772303330.843119,/drone1/cmd_vel,manual,0.3,0,0,0
,1772303330.863070,/drone1/cmd_vel,manual,0.3,0,0,0
,1772303330.883118,/drone1/cmd_vel,manual,0.3,0,0,0
,1772303330.905196,/drone1/cmd_vel,manual,0.3,0,0,0
,1772303330.923248,/drone1/cmd_vel,manual,0.3,0,0,0
,1772303330.943132,/drone1/cmd_vel,manual,0.3,0,0,0
,1772303330.963045,/drone1/cmd_vel,manual,0.3,0,0,0
,1772303330.983217,/drone1/cmd_vel,manual,0.3,0,0,0
,1772303331.003052,/drone1/cmd_vel,manual,0.3,0,0,0
,1772303331.023185,/drone1/cmd_vel,manual,0.3,0,0,0
,1772303331.043351,/drone1/cmd_vel,manual,0.3,0,0,0
,1772303331.063180,/drone1/cmd_vel,manual,0.3,0,0,0
,1772303331.083314,/drone1/cmd_vel,manual,0.3,0,0,0
,1772303331.103047,/drone1/cmd_vel,manual,0.3,0,0,0
,1772303331.123205,/drone1/cmd_vel,manual,0.3,0,0,0
,1772303331.143114,/drone1/cmd_vel,manual,0.3,0,0,0
,1772303331.163133,/drone1/cmd_vel,manual,0.3,0,0,0
,1772303331.183217,/drone1/cmd_vel,manual,0.3,0,0,0
,1772303331.203045,/drone1/cmd_vel,manual,0.3,0,0,0
,1772303331.223101,/drone1/cmd_vel,manual,0.3,0,0,0
,1772303331.243252,/drone1/cmd_vel,manual,0.3,0,0,0
,1772303331.264079,/drone1/cmd_vel,manual,0.3,0,0,0
,1772303331.283129,/drone1/cmd_vel,manual,0.3,0,0,0
,1772303331.305067,/drone1/cmd_vel,manual,0.3,0,0,0
,1772303331.323110,/drone1/cmd_vel,manual,0.3,0,0,0
,1772303331.343013,/drone1/cmd_vel,manual,0.3,0,0,0
,1772303331.363126,/drone1/cmd_vel,manual,0.3,0,0,0
,1772303331.383081,/drone1/cmd_vel,manual,0.3,0,0,0
,1772303331.404226,/drone1/cmd_vel,manual,0.3,0,0,0
,1772303331.423074,/drone1/cmd_vel,manual,0.3,0,0,0
,1772303331.443033,/drone1/cmd_vel,manual,0.3,0,0,0
,1772303331.463069,/drone1/cmd_vel,manual,0.3,0,0,0
,1772303331.483327,/drone1/cmd_vel,manual,0.3,0,0,0
,1772303331.503027,/drone1/cmd_vel,manual,0.3,0,0,0
,1772303331.523123,/drone1/cmd_vel,manual,0.3,0,0,0
,1772303331.543214,/drone1/cmd_vel,manual,0.3,0,0,0
,1772303331.563114,/drone1/cmd_vel,manual,0.3,0,0,0
,1772303331.583277,/drone1/cmd_vel,manual,0.3,0,0,0
,1772303331.603184,/drone1/cmd_vel,manual,0.3,0,0,0
,1772303331.623124,/drone1/cmd_vel,manual,0.3,0,0,0
,1772303331.646807,/drone1/cmd_vel,manual,0.3,0,0,0
,1772303331.663136,/drone1/cmd_vel,manual,0.3,0,0,0
,1772303331.683300,/drone1/cmd_vel,manual,0.3,0,0,0
,1772303331.703075,/drone1/cmd_vel,manual,0.3,0,0,0
,1772303331.724035,/drone1/cmd_vel,manual,0.3,0,0,0
,1772303331.747617,/drone1/cmd_vel,manual,0.3,0,0,0
,1772303331.763151,/drone1/cmd_vel,manual,0.3,0,0,0
,1772303331.783379,/drone1/cmd_vel,manual,0.3,0,0,0
,1772303331.803109,/drone1/cmd_vel,manual,0.3,0,0,0
,1772303331.824179,/drone1/cmd_vel,manual,0.3,0,0,0
,1772303331.843058,/drone1/cmd_vel,manual,0.3,0,0,0
,1772303331.863128,/drone1/cmd_vel,manual,0.3,0,0,0
,1772303331.883368,/drone1/cmd_vel,manual,0.3,0,0,0
,1772303331.903101,/drone1/cmd_vel,manual,0.3,0,0,0
,1772303331.923118,/drone1/cmd_vel,manual,0.3,0,0,0
,1772303331.943027,/drone1/cmd_vel,manual,0.3,0,0,0
,1772303331.963053,/drone1/cmd_vel,manual,0.3,0,0,0
,1772303331.983053,/drone1/cmd_vel,manual,0.3,0,0,0
,1772303332.006608,/drone1/cmd_vel,manual,0.3,0,0,0
,1772303332.023195,/drone1/cmd_vel,manual,0.3,0,0,0
,1772303332.043108,/drone1/cmd_vel,manual,0.3,0,0,0
,1772303332.063885,/drone1/cmd_vel,manual,0.3,0,0,0
,1772303332.086324,/drone1/cmd_vel,manual,0.3,0,0,0
,1772303332.103377,/drone1/cmd_vel,manual,0.3,0,0,0
,1772303332.123414,/drone1/cmd_vel,manual,0.3,0,0,0
,1772303332.143100,/drone1/cmd_vel,manual,0.3,0,0,0
,1772303332.163078,/drone1/cmd_vel,manual,0.3,0,0,0
,1772303332.183151,/drone1/cmd_vel,manual,0.3,0,0,0
,1772303332.203274,/drone1/cmd_vel,manual,0.3,0,0,0
,1772303332.223177,/drone1/cmd_vel,manual,0.3,0,0,0
,1772303332.243184,/drone1/cmd_vel,manual,0.3,0,0,0
,1772303332.263107,/drone1/cmd_vel,manual,0.3,0,0,0
,1772303332.283076,/drone1/cmd_vel,manual,0.3,0,0,0
,1772303332.314724,/drone1/cmd_vel,manual,0.3,0,0,0
,1772303332.326756,/drone1/cmd_vel,manual,0.3,0,0,0
,1772303332.343232,/drone1/cmd_vel,manual,0.3,0,0,0
,1772303332.363095,/drone1/cmd_vel,manual,0.3,0,0,0
,1772303332.383219,/drone1/cmd_vel,manual,0.3,0,0,0
,1772303332.403447,/drone1/cmd_vel,manual,0.3,0,0,0
,1772303332.423058,/drone1/cmd_vel,manual,0.3,0,0,0
,1772303332.445827,/drone1/cmd_vel,manual,0.3,0,0,0
,1772303332.464348,/drone1/cmd_vel,manual,0.3,0,0,0
,1772303332.483128,/drone1/cmd_vel,manual,0.3,0,0,0
,1772303332.503188,/drone1/cmd_vel,manual,0.3,0,0,0
,1772303332.523120,/drone1/cmd_vel,manual,0.3,0,0,0
,1772303332.543138,/drone1/cmd_vel,manual,0.3,0,0,0
,1772303332.566801,/drone1/cmd_vel,manual,0.3,0,0,0
,1772303332.583048,/drone1/cmd_vel,manual,0.3,0,0,0
,1772303332.603055,/drone1/cmd_vel,manual,0.3,0,0,0
,1772303332.623255,/drone1/cmd_vel,manual,0.3,0,0,0
,1772303332.643154,/drone1/cmd_vel,manual,0.3,0,0,0
,1772303332.663160,/drone1/cmd_vel,manual,0.3,0,0,0
,1772303332.683163,/drone1/cmd_vel,manual,0.3,0,0,0
,1772303332.703152,/drone1/cmd_vel,manual,0.3,0,0,0
,1772303332.723103,/drone1/cmd_vel,manual,0.3,0,0,0
,1772303332.743217,/drone1/cmd_vel,manual,0.3,0,0,0
,1772303332.763125,/drone1/cmd_vel,manual,0.3,0,0,0
,1772303332.783063,/drone1/cmd_vel,manual,0.3,0,0,0
,1772303332.803038,/drone1/cmd_vel,manual,0.3,0,0,0
,1772303332.823192,/drone1/cmd_vel,manual,0.3,0,0,0
,1772303332.843090,/drone1/cmd_vel,manual,0.3,0,0,0
,1772303332.863086,/drone1/cmd_vel,manual,0.3,0,0,0
,1772303332.883775,/drone1/cmd_vel,manual,0.3,0,0,0
,1772303332.906353,/drone1/cmd_vel,manual,0.3,0,0,0
,1772303332.923107,/drone1/cmd_vel,manual,0.3,0,0,0
,1772303332.943280,/drone1/cmd_vel,manual,0.3,0,0,0
,1772303332.963131,/drone1/cmd_vel,manual,0.3,0,0,0
,1772303332.983084,/drone1/cmd_vel,manual,0.3,0,0,0
,1772303333.003109,/drone1/cmd_vel,manual,0.3,0,0,0
,1772303333.023103,/drone1/cmd_vel,manual,0.3,0,0,0
,1772303333.043044,/drone1/cmd_vel,manual,0.3,0,0,0
,1772303333.063053,/drone1/cmd_vel,manual,0.3,0,0,0
,1772303333.083205,/drone1/cmd_vel,manual,0.3,0,0,0
,1772303333.103138,/drone1/cmd_vel,manual,0.3,0,0,0
,1772303333.123291,/drone1/cmd_vel,manual,0.3,0,0,0
,1772303333.143102,/drone1/cmd_vel,manual,0.3,0,0,0
,1772303333.163177,/drone1/cmd_vel,manual,0.3,0,0,0
,1772303333.183055,/drone1/cmd_vel,manual,0.3,0,0,0
,1772303333.203120,/drone1/cmd_vel,manual,0.3,0,0,0
,1772303333.223299,/drone1/cmd_vel,manual,0.3,0,0,0
,1772303333.243067,/drone1/cmd_vel,manual,0.3,0,0,0
,1772303333.264440,/drone1/cmd_vel,manual,0.3,0,0,0
,1772303333.283096,/drone1/cmd_vel,manual,0.3,0,0,0
,1772303333.303236,/drone1/cmd_vel,manual,0.3,0,0,0
,1772303333.326805,/drone1/cmd_vel,manual,0.3,0,0,0
,1772303333.343062,/drone1/cmd_vel,manual,0.3,0,0,0
,1772303333.365789,/drone1/cmd_vel,manual,0.3,0,0,0
,1772303333.383026,/drone1/cmd_vel,manual,0.3,0,0,0
,1772303333.403101,/drone1/cmd_vel,manual,0.3,0,0,0
,1772303333.426219,/drone1/cmd_vel,manual,0.3,0,0,0
,1772303333.443117,/drone1/cmd_vel,manual,0.3,0,0,0
,1772303333.463124,/drone1/cmd_vel,manual,0.3,0,0,0
,1772303333.483123,/drone1/cmd_vel,manual,0.3,0,0,0
,1772303333.503204,/drone1/cmd_vel,manual,0.3,0,0,0
,1772303333.523028,/drone1/cmd_vel,manual,0.3,0,0,0
,1772303333.543118,/drone1/cmd_vel,manual,0.3,0,0,0
,1772303333.563130,/drone1/cmd_vel,manual,0.3,0,0,0
,1772303333.583351,/drone1/cmd_vel,manual,0.3,0,0,0
,1772303333.603115,/drone1/cmd_vel,manual,0.3,0,0,0
,1772303333.623052,/drone1/cmd_vel,manual,0.3,0,0,0
,1772303333.643008,/drone1/cmd_vel,manual,0.3,0,0,0
,1772303333.663249,/drone1/cmd_vel,manual,0.3,0,0,0
,1772303333.683151,/drone1/cmd_vel,manual,0.3,0,0,0
,1772303333.703085,/drone1/cmd_vel,manual,0.3,0,0,0
,1772303333.723068,/drone1/cmd_vel,manual,0.3,0,0,0
,1772303333.743240,/drone1/cmd_vel,manual,-0.3,0,0,0
,1772303333.763019,/drone1/cmd_vel,manual,-0.3,0,0,0
,1772303333.783221,/drone1/cmd_vel,manual,-0.3,0,0,0
,1772303333.803051,/drone1/cmd_vel,manual,-0.3,0,0,0
,1772303333.823083,/drone1/cmd_vel,manual,-0.3,0,0,0
,1772303333.843240,/drone1/cmd_vel,manual,-0.3,0,0,0
,1772303333.863013,/drone1/cmd_vel,manual,-0.3,0,0,0
,1772303333.883111,/drone1/cmd_vel,manual,-0.3,0,0,0
,1772303333.903089,/drone1/cmd_vel,manual,-0.3,0,0,0
,1772303333.923273,/drone1/cmd_vel,manual,-0.3,0,0,0
,1772303333.943094,/drone1/cmd_vel,manual,-0.3,0,0,0
,1772303333.963086,/drone1/cmd_vel,manual,-0.3,0,0,0
,1772303333.983110,/drone1/cmd_vel,manual,-0.3,0,0,0
,1772303334.003165,/drone1/cmd_vel,manual,-0.3,0,0,0
,1772303334.023723,/drone1/cmd_vel,manual,-0.3,0,0,0
,1772303334.043140,/drone1/cmd_vel,manual,-0.3,0,0,0
,1772303334.066814,/drone1/cmd_vel,manual,-0.3,0,0,0
,1772303334.083424,/drone1/cmd_vel,manual,-0.3,0,0,0
,1772303334.102986,/drone1/cmd_vel,manual,-0.3,0,0,0
,1772303334.123152,/drone1/cmd_vel,manual,-0.3,0,0,0
,1772303334.143110,/drone1/cmd_vel,manual,-0.3,0,0,0
,1772303334.163051,/drone1/cmd_vel,manual,-0.3,0,0,0
,1772303334.183238,/drone1/cmd_vel,manual,-0.3,0,0,0
,1772303334.203160,/drone1/cmd_vel,manual,-0.3,0,0,0
,1772303334.223152,/drone1/cmd_vel,manual,-0.3,0,0,0
,1772303334.243102,/drone1/cmd_vel,manual,-0.3,0,0,0
,1772303334.263448,/drone1/cmd_vel,manual,-0.3,0,0,0
,1772303334.283029,/drone1/cmd_vel,manual,-0.3,0,0,0
,1772303334.305073,/drone1/cmd_vel,manual,-0.3,0,0,0
,1772303334.323220,/drone1/cmd_vel,manual,-0.3,0,0,0
,1772303334.343199,/drone1/cmd_vel,manual,-0.3,0,0,0
,1772303334.364727,/drone1/cmd_vel,manual,-0.3,0,0,0
,1772303334.390805,/drone1/cmd_vel,manual,-0.3,0,0,0
,1772303334.403093,/drone1/cmd_vel,manual,-0.3,0,0,0
,1772303334.426913,/drone1/cmd_vel,manual,-0.3,0,0,0
,1772303334.443322,/drone1/cmd_vel,manual,-0.3,0,0,0
,1772303334.463171,/drone1/cmd_vel,manual,-0.3,0,0,0
,1772303334.483126,/drone1/cmd_vel,manual,-0.3,0,0,0
,1772303334.503158,/drone1/cmd_vel,manual,-0.3,0,0,0
,1772303334.523138,/drone1/cmd_vel,manual,-0.3,0,0,0
,1772303334.544655,/drone1/cmd_vel,manual,-0.3,0,0,0
,1772303334.563127,/drone1/cmd_vel,manual,-0.3,0,0,0
,1772303334.583388,/drone1/cmd_vel,manual,-0.3,0,0,0
,1772303334.603086,/drone1/cmd_vel,manual,-0.3,0,0,0
,1772303334.623062,/drone1/cmd_vel,manual,-0.3,0,0,0
,1772303334.643137,/drone1/cmd_vel,manual,-0.3,0,0,0
,1772303334.663149,/drone1/cmd_vel,manual,-0.3,0,0,0
,1772303334.683462,/drone1/cmd_vel,manual,-0.3,0,0,0
,1772303334.702998,/drone1/cmd_vel,manual,-0.3,0,0,0
,1772303334.723135,/drone1/cmd_vel,manual,-0.3,0,0,0
,1772303334.743281,/drone1/cmd_vel,manual,-0.3,0,0,0
,1772303334.767488,/drone1/cmd_vel,manual,-0.3,0,0,0
,1772303334.783242,/drone1/cmd_vel,manual,-0.3,0,0,0
,1772303334.803118,/drone1/cmd_vel,manual,-0.3,0,0,0
,1772303334.823116,/drone1/cmd_vel,manual,-0.3,0,0,0
,1772303334.844213,/drone1/cmd_vel,manual,-0.3,0,0,0
,1772303334.863383,/drone1/cmd_vel,manual,-0.3,0,0,0
,1772303334.883246,/drone1/cmd_vel,manual,-0.3,0,0,0
,1772303334.903085,/drone1/cmd_vel,manual,-0.3,0,0,0
,1772303334.923094,/drone1/cmd_vel,manual,-0.3,0,0,0
,1772303334.943839,/drone1/cmd_vel,manual,-0.3,0,0,0
,1772303334.963248,/drone1/cmd_vel,manual,-0.3,0,0,0
,1772303334.983128,/drone1/cmd_vel,manual,-0.3,0,0,0
,1772303335.003180,/drone1/cmd_vel,manual,-0.3,0,0,0
,1772303335.023181,/drone1/cmd_vel,manual,-0.3,0,0,0
,1772303335.043077,/drone1/cmd_vel,manual,-0.3,0,0,0
,1772303335.063114,/drone1/cmd_vel,manual,-0.3,0,0,0
,1772303335.083178,/drone1/cmd_vel,manual,-0.3,0,0,0
,1772303335.103145,/drone1/cmd_vel,manual,-0.3,0,0,0
,1772303335.123205,/drone1/cmd_vel,manual,-0.3,0,0,0
,1772303335.143134,/drone1/cmd_vel,manual,-0.3,0,0,0
,1772303335.163161,/drone1/cmd_vel,manual,-0.3,0,0,0
,1772303335.183131,/drone1/cmd_vel,manual,-0.3,0,0,0
,1772303335.203090,/drone1/cmd_vel,manual,-0.3,0,0,0
,1772303335.223233,/drone1/cmd_vel,manual,-0.3,0,0,0
,1772303335.243051,/drone1/cmd_vel,manual,-0.3,0,0,0
,1772303335.263056,/drone1/cmd_vel,manual,-0.3,0,0,0
,1772303335.283068,/drone1/cmd_vel,manual,-0.3,0,0,0
,1772303335.303168,/drone1/cmd_vel,manual,-0.3,0,0,0
,1772303335.323168,/drone1/cmd_vel,manual,-0.3,0,0,0
,1772303335.343230,/drone1/cmd_vel,manual,-0.3,0,0,0
,1772303335.363120,/drone1/cmd_vel,manual,-0.3,0,0,0
,1772303335.383137,/drone1/cmd_vel,manual,-0.3,0,0,0
,1772303335.403050,/drone1/cmd_vel,manual,-0.3,0,0,0
,1772303335.423008,/drone1/cmd_vel,manual,-0.3,0,0,0
,1772303335.444329,/drone1/cmd_vel,manual,-0.3,0,0,0
,1772303335.463106,/drone1/cmd_vel,manual,-0.3,0,0,0
,1772303335.483109,/drone1/cmd_vel,manual,-0.3,0,0,0
,1772303335.503197,/drone1/cmd_vel,manual,-0.3,0,0,0
,1772303335.523067,/drone1/cmd_vel,manual,-0.3,0,0,0
,1772303335.543142,/drone1/cmd_vel,manual,-0.3,0,0,0
,1772303335.563273,/drone1/cmd_vel,manual,-0.3,0,0,0
,1772303335.583114,/drone1/cmd_vel,manual,-0.3,0,0,0
,1772303335.604053,/drone1/cmd_vel,manual,-0.3,0,0,0
,1772303335.623162,/drone1/cmd_vel,manual,-0.3,0,0,0
,1772303335.643185,/drone1/cmd_vel,manual,-0.3,0,0,0
,1772303335.663146,/drone1/cmd_vel,manual,-0.3,0,0,0
,1772303335.683290,/drone1/cmd_vel,manual,-0.3,0,0,0
,1772303335.703221,/drone1/cmd_vel,manual,-0.3,0,0,0
,1772303335.723074,/drone1/cmd_vel,manual,-0.3,0,0,0
,1772303335.745538,/drone1/cmd_vel,manual,-0.3,0,0,0
,1772303335.763303,/drone1/cmd_vel,manual,-0.3,0,0,0
,1772303335.783088,/drone1/cmd_vel,manual,-0.3,0,0,0
,1772303335.803095,/drone1/cmd_vel,manual,-0.3,0,0,0
,1772303335.823098,/drone1/cmd_vel,manual,-0.3,0,0,0
,1772303335.846843,/drone1/cmd_vel,manual,-0.3,0,0,0
,1772303335.864358,/drone1/cmd_vel,manual,-0.3,0,0,0
,1772303335.883224,/drone1/cmd_vel,manual,-0.3,0,0,0
,1772303335.903120,/drone1/cmd_vel,manual,-0.3,0,0,0
,1772303335.923109,/drone1/cmd_vel,manual,-0.3,0,0,0
,1772303335.943112,/drone1/cmd_vel,manual,-0.3,0,0,0
,1772303335.963040,/drone1/cmd_vel,manual,-0.3,0,0,0
,1772303335.983217,/drone1/cmd_vel,manual,-0.3,0,0,0
,1772303336.003687,/drone1/cmd_vel,manual,-0.3,0,0,0
,1772303336.023212,/drone1/cmd_vel,manual,-0.3,0,0,0
,1772303336.043129,/drone1/cmd_vel,manual,-0.3,0,0,0
,1772303336.063119,/drone1/cmd_vel,manual,-0.3,0,0,0
,1772303336.083547,/drone1/cmd_vel,manual,-0.3,0,0,0
,1772303336.103320,/drone1/cmd_vel,manual,-0.3,0,0,0
,1772303336.124116,/drone1/cmd_vel,manual,-0.3,0,0,0
,1772303336.143048,/drone1/cmd_vel,manual,-0.3,0,0,0
,1772303336.163011,/drone1/cmd_vel,manual,-0.3,0,0,0
,1772303336.183062,/drone1/cmd_vel,manual,-0.3,0,0,0
,1772303336.203136,/drone1/cmd_vel,manual,-0.3,0,0,0
,1772303336.223084,/drone1/cmd_vel,manual,-0.3,0,0,0
,1772303336.243107,/drone1/cmd_vel,manual,-0.3,0,0,0
,1772303336.263133,/drone1/cmd_vel,manual,-0.3,0,0,0
,1772303336.286807,/drone1/cmd_vel,manual,-0.3,0,0,0
,1772303336.303817,/drone1/cmd_vel,manual,-0.3,0,0,0
,1772303336.323157,/drone1/cmd_vel,manual,-0.3,0,0,0
,1772303336.343055,/drone1/cmd_vel,manual,-0.3,0,0,0
,1772303336.363066,/drone1/cmd_vel,manual,-0.3,0,0,0
,1772303336.386734,/drone1/cmd_vel,manual,-0.3,0,0,0
,1772303336.403097,/drone1/cmd_vel,manual,-0.3,0,0,0
,1772303336.423262,/drone1/cmd_vel,manual,-0.3,0,0,0
,1772303336.443099,/drone1/cmd_vel,manual,-0.3,0,0,0
,1772303336.463115,/drone1/cmd_vel,manual,-0.3,0,0,0
,1772303336.486817,/drone1/cmd_vel,manual,-0.3,0,0,0
,1772303336.503026,/drone1/cmd_vel,manual,-0.3,0,0,0
,1772303336.525068,/drone1/cmd_vel,manual,-0.3,0,0,0
,1772303336.543152,/drone1/cmd_vel,manual,-0.3,0,0,0
,1772303336.563107,/drone1/cmd_vel,manual,-0.3,0,0,0
,1772303336.583122,/drone1/cmd_vel,manual,-0.3,0,0,0
,1772303336.603098,/drone1/cmd_vel,manual,-0.3,0,0,0
,1772303336.623980,/drone1/cmd_vel,manual,-0.3,0,0,0
,1772303336.643417,/drone1/cmd_vel,manual,-0.3,0,0,0
,1772303336.663084,/drone1/cmd_vel,manual,-0.3,0,0,0
,1772303336.683080,/drone1/cmd_vel,manual,-0.3,0,0,0
,1772303336.703265,/drone1/cmd_vel,manual,-0.3,0,0,0
,1772303336.723081,/drone1/cmd_vel,manual,-0.3,0,0,0
,1772303336.743090,/drone1/cmd_vel,manual,-0.3,0,0,0
,1772303336.763188,/drone1/cmd_vel,manual,-0.3,0,0,0
,1772303336.783158,/drone1/cmd_vel,manual,-0.3,0,0,0
,1772303336.803416,/drone1/cmd_vel,manual,-0.3,0,0,0
,1772303336.823585,/drone1/cmd_vel,manual,-0.3,0,0,0
,1772303336.843130,/drone1/cmd_vel,manual,-0.3,0,0,0
,1772303336.863249,/drone1/cmd_vel,manual,-0.3,0,0,0
,1772303336.883167,/drone1/cmd_vel,manual,0.3,0,0,0
,1772303336.903059,/drone1/cmd_vel,manual,0.3,0,0,0
,1772303336.923117,/drone1/cmd_vel,manual,0.3,0,0,0
,1772303336.943941,/drone1/cmd_vel,manual,0.3,0,0,0
,1772303336.963168,/drone1/cmd_vel,manual,0.3,0,0,0
,1772303336.984003,/drone1/cmd_vel,manual,0.3,0,0,0
,1772303337.005278,/drone1/cmd_vel,manual,0.3,0,0,0
,1772303337.023108,/drone1/cmd_vel,manual,0.3,0,0,0
,1772303337.043226,/drone1/cmd_vel,manual,0.3,0,0,0
,1772303337.063167,/drone1/cmd_vel,manual,0.3,0,0,0
,1772303337.083414,/drone1/cmd_vel,manual,0.3,0,0,0
,1772303337.103225,/drone1/cmd_vel,manual,0.3,0,0,0
,1772303337.123062,/drone1/cmd_vel,manual,0.3,0,0,0
,1772303337.143097,/drone1/cmd_vel,manual,0.3,0,0,0
,1772303337.163206,/drone1/cmd_vel,manual,0.3,0,0,0
,1772303337.183105,/drone1/cmd_vel,manual,0.3,0,0,0
,1772303337.204662,/drone1/cmd_vel,manual,0.3,0,0,0
,1772303337.223210,/drone1/cmd_vel,manual,0.3,0,0,0
,1772303337.243168,/drone1/cmd_vel,manual,0.3,0,0,0
,1772303337.263233,/drone1/cmd_vel,manual,0.3,0,0,0
,1772303337.283148,/drone1/cmd_vel,manual,0.3,0,0,0
,1772303337.303161,/drone1/cmd_vel,manual,0.3,0,0,0
,1772303337.323258,/drone1/cmd_vel,manual,0.3,0,0,0
,1772303337.343241,/drone1/cmd_vel,manual,0.3,0,0,0
,1772303337.363052,/drone1/cmd_vel,manual,0.3,0,0,0
,1772303337.383110,/drone1/cmd_vel,manual,0.3,0,0,0
,1772303337.406437,/drone1/cmd_vel,manual,0.3,0,0,0
,1772303337.423212,/drone1/cmd_vel,manual,0.3,0,0,0
,1772303337.443155,/drone1/cmd_vel,manual,0.3,0,0,0
,1772303337.463263,/drone1/cmd_vel,manual,0.3,0,0,0
,1772303337.483285,/drone1/cmd_vel,manual,0.3,0,0,0
,1772303337.503103,/drone1/cmd_vel,manual,0.3,0,0,0
,1772303337.523144,/drone1/cmd_vel,manual,0.3,0,0,0
,1772303337.543067,/drone1/cmd_vel,manual,0.3,0,0,0
,1772303337.563057,/drone1/cmd_vel,manual,0.3,0,0,0
,1772303337.583108,/drone1/cmd_vel,manual,0.3,0,0,0
,1772303337.603158,/drone1/cmd_vel,manual,0.3,0,0,0
,1772303337.623309,/drone1/cmd_vel,manual,0.3,0,0,0
,1772303337.646543,/drone1/cmd_vel,manual,0.3,0,0,0
,1772303337.669453,/drone1/cmd_vel,manual,0.3,0,0,0
,1772303337.690870,/drone1/cmd_vel,manual,0.3,0,0,0
,1772303337.703160,/drone1/cmd_vel,manual,0.3,0,0,0
,1772303337.723505,/drone1/cmd_vel,manual,0.3,0,0,0
,1772303337.743137,/drone1/cmd_vel,manual,0.3,0,0,0
,1772303337.763104,/drone1/cmd_vel,manual,0.3,0,0,0
,1772303337.783041,/drone1/cmd_vel,manual,0.3,0,0,0
,1772303337.803244,/drone1/cmd_vel,manual,0.3,0,0,0
,1772303337.824300,/drone1/cmd_vel,manual,0.3,0,0,0
,1772303337.843389,/drone1/cmd_vel,manual,0.3,0,0,0
,1772303337.864552,/drone1/cmd_vel,manual,0.3,0,0,0
,1772303337.884309,/drone1/cmd_vel,manual,0.3,0,0,0
,1772303337.903155,/drone1/cmd_vel,manual,0.3,0,0,0
,1772303337.923106,/drone1/cmd_vel,manual,0.3,0,0,0
,1772303337.943110,/drone1/cmd_vel,manual,0.3,0,0,0
,1772303337.963493,/drone1/cmd_vel,manual,0.3,0,0,0
,1772303337.983923,/drone1/cmd_vel,manual,0.3,0,0,0
,1772303338.006547,/drone1/cmd_vel,manual,0.3,0,0,0
,1772303338.023229,/drone1/cmd_vel,manual,0.3,0,0,0
,1772303338.046855,/drone1/cmd_vel,manual,0.3,0,0,0
,1772303338.063143,/drone1/cmd_vel,manual,0.3,0,0,0
,1772303338.083236,/drone1/cmd_vel,manual,0.3,0,0,0
,1772303338.103250,/drone1/cmd_vel,manual,0.3,0,0,0
,1772303338.123400,/drone1/cmd_vel,manual,0.3,0,0,0
,1772303338.143045,/drone1/cmd_vel,manual,0.3,0,0,0
,1772303338.163228,/drone1/cmd_vel,manual,0.3,0,0,0
,1772303338.188763,/drone1/cmd_vel,manual,0.3,0,0,0
,1772303338.203110,/drone1/cmd_vel,manual,0.3,0,0,0
,1772303338.223307,/drone1/cmd_vel,manual,0.3,0,0,0
,1772303338.243077,/drone1/cmd_vel,manual,0.3,0,0,0
,1772303338.263179,/drone1/cmd_vel,manual,0.3,0,0,0
,1772303338.283214,/drone1/cmd_vel,manual,0.3,0,0,0
,1772303338.303166,/drone1/cmd_vel,manual,0.3,0,0,0
,1772303338.323205,/drone1/cmd_vel,manual,0.3,0,0,0
,1772303338.346375,/drone1/cmd_vel,manual,0.3,0,0,0
,1772303338.363205,/drone1/cmd_vel,manual,0.3,0,0,0
,1772303338.383102,/drone1/cmd_vel,manual,0.3,0,0,0
,1772303338.403407,/drone1/cmd_vel,manual,0.3,0,0,0
,1772303338.423442,/drone1/cmd_vel,manual,0.3,0,0,0
,1772303338.443176,/drone1/cmd_vel,manual,0.3,0,0,0
,1772303338.463323,/drone1/cmd_vel,manual,0.3,0,0,0
,1772303338.483068,/drone1/cmd_vel,manual,0.3,0,0,0
,1772303338.503194,/drone1/cmd_vel,manual,0.3,0,0,0
,1772303338.523142,/drone1/cmd_vel,manual,0.3,0,0,0
,1772303338.543102,/drone1/cmd_vel,manual,0.3,0,0,0
,1772303338.563145,/drone1/cmd_vel,manual,0.3,0,0,0
,1772303338.583100,/drone1/cmd_vel,manual,0.3,0,0,0
,1772303338.603100,/drone1/cmd_vel,manual,0.3,0,0,0
,1772303338.623422,/drone1/cmd_vel,manual,0.3,0,0,0
,1772303338.646208,/drone1/cmd_vel,manual,0.3,0,0,0
,1772303338.663143,/drone1/cmd_vel,manual,0.3,0,0,0
,1772303338.683501,/drone1/cmd_vel,manual,0.3,0,0,0
,1772303338.703455,/drone1/cmd_vel,manual,0.3,0,0,0
,1772303338.723121,/drone1/cmd_vel,manual,0.3,0,0,0
,1772303338.743063,/drone1/cmd_vel,manual,0.3,0,0,0
,1772303338.763139,/drone1/cmd_vel,manual,0.3,0,0,0
,1772303338.783155,/drone1/cmd_vel,manual,0.3,0,0,0
,1772303338.803102,/drone1/cmd_vel,manual,0.3,0,0,0
,1772303338.823131,/drone1/cmd_vel,manual,0.3,0,0,0
,1772303338.843249,/drone1/cmd_vel,manual,0.3,0,0,0
,1772303338.863202,/drone1/cmd_vel,manual,0.3,0,0,0
,1772303338.883237,/drone1/cmd_vel,manual,0.3,0,0,0
,1772303338.903185,/drone1/cmd_vel,manual,0.3,0,0,0
,1772303338.923213,/drone1/cmd_vel,manual,0.3,0,0,0
,1772303338.943348,/drone1/cmd_vel,manual,0.3,0,0,0
,1772303338.963431,/drone1/cmd_vel,manual,0.3,0,0,0
,1772303338.983134,/drone1/cmd_vel,manual,0.3,0,0,0
,1772303339.003100,/drone1/cmd_vel,manual,0.3,0,0,0
,1772303339.023432,/drone1/cmd_vel,manual,0.3,0,0,0
,1772303339.043164,/drone1/cmd_vel,manual,0.3,0,0,0
,1772303339.063320,/drone1/cmd_vel,manual,0.3,0,0,0
,1772303339.083150,/drone1/cmd_vel,manual,0.3,0,0,0
,1772303339.103032,/drone1/cmd_vel,manual,0.3,0,0,0
,1772303339.123099,/drone1/cmd_vel,manual,0.3,0,0,0
,1772303339.145966,/drone1/cmd_vel,manual,0.3,0,0,0
,1772303339.163154,/drone1/cmd_vel,manual,0.3,0,0,0
,1772303339.183333,/drone1/cmd_vel,manual,0.3,0,0,0
,1772303339.203173,/drone1/cmd_vel,manual,0.3,0,0,0
,1772303339.223112,/drone1/cmd_vel,manual,0.3,0,0,0
,1772303339.243728,/drone1/cmd_vel,manual,0.3,0,0,0
,1772303339.263177,/drone1/cmd_vel,manual,0.3,0,0,0
,1772303339.283070,/drone1/cmd_vel,manual,0.3,0,0,0
,1772303339.303142,/drone1/cmd_vel,manual,0.3,0,0,0
,1772303339.323058,/drone1/cmd_vel,manual,0.3,0,0,0
,1772303339.343087,/drone1/cmd_vel,manual,0.3,0,0,0
,1772303339.366818,/drone1/cmd_vel,manual,0.3,0,0,0
,1772303339.386318,/drone1/cmd_vel,manual,0.3,0,0,0
,1772303339.403192,/drone1/cmd_vel,manual,0.3,0,0,0
,1772303339.423539,/drone1/cmd_vel,manual,0.3,0,0,0
,1772303339.443136,/drone1/cmd_vel,manual,0.3,0,0,0
,1772303339.463199,/drone1/cmd_vel,manual,0.3,0,0,0
,1772303339.483111,/drone1/cmd_vel,manual,0.3,0,0,0
,1772303339.503188,/drone1/cmd_vel,manual,0.3,0,0,0
,1772303339.523395,/drone1/cmd_vel,manual,0.3,0,0,0
,1772303339.543236,/drone1/cmd_vel,manual,0.3,0,0,0
,1772303339.563050,/drone1/cmd_vel,manual,0.3,0,0,0
,1772303339.583258,/drone1/cmd_vel,manual,0.3,0,0,0
,1772303339.603115,/drone1/cmd_vel,manual,0.3,0,0,0
,1772303339.624842,/drone1/cmd_vel,manual,0.3,0,0,0
,1772303339.643431,/drone1/cmd_vel,manual,0.3,0,0,0
,1772303339.663392,/drone1/cmd_vel,manual,0.3,0,0,0
,1772303339.683243,/drone1/cmd_vel,manual,0.3,0,0,0
,1772303339.703120,/drone1/cmd_vel,manual,0.3,0,0,0
,1772303339.723240,/drone1/cmd_vel,manual,0.3,0,0,0
,1772303339.743104,/drone1/cmd_vel,manual,0.3,0,0,0
,1772303339.763175,/drone1/cmd_vel,manual,0.3,0,0,0
,1772303339.783375,/drone1/cmd_vel,manual,0.3,0,0,0
,1772303339.804000,/drone1/cmd_vel,manual,0.3,0,0,0
,1772303339.823062,/drone1/cmd_vel,manual,0.3,0,0,0
,1772303339.846755,/drone1/cmd_vel,manual,0.3,0,0,0
,1772303339.866756,/drone1/cmd_vel,manual,0.3,0,0,0
,1772303339.883223,/drone1/cmd_vel,manual,0.3,0,0,0
,1772303339.903080,/drone1/cmd_vel,manual,0.3,0,0,0
,1772303339.923332,/drone1/cmd_vel,manual,0.3,0,0,0
,1772303339.943125,/drone1/cmd_vel,manual,0.3,0,0,0
,1772303339.963145,/drone1/cmd_vel,manual,0.3,0,0,0
,1772303339.983130,/drone1/cmd_vel,manual,0.3,0,0,0
,1772303340.003195,/drone1/cmd_vel,manual,0.3,0,0,0
,1772303340.023144,/drone1/cmd_vel,manual,-0.3,0,0,0
,1772303340.043981,/drone1/cmd_vel,manual,-0.3,0,0,0
,1772303340.063116,/drone1/cmd_vel,manual,-0.3,0,0,0
,1772303340.083064,/drone1/cmd_vel,manual,-0.3,0,0,0
,1772303340.103540,/drone1/cmd_vel,manual,-0.3,0,0,0
,1772303340.123134,/drone1/cmd_vel,manual,-0.3,0,0,0
,1772303340.143139,/drone1/cmd_vel,manual,-0.3,0,0,0
,1772303340.163114,/drone1/cmd_vel,manual,-0.3,0,0,0
,1772303340.183024,/drone1/cmd_vel,manual,-0.3,0,0,0
,1772303340.203059,/drone1/cmd_vel,manual,-0.3,0,0,0
,1772303340.223038,/drone1/cmd_vel,manual,-0.3,0,0,0
,1772303340.243170,/drone1/cmd_vel,manual,-0.3,0,0,0
,1772303340.263238,/drone1/cmd_vel,manual,-0.3,0,0,0
,1772303340.283152,/drone1/cmd_vel,manual,-0.3,0,0,0
,1772303340.303073,/drone1/cmd_vel,manual,-0.3,0,0,0
,1772303340.323096,/drone1/cmd_vel,manual,-0.3,0,0,0
,1772303340.345228,/drone1/cmd_vel,manual,-0.3,0,0,0
,1772303340.363296,/drone1/cmd_vel,manual,-0.3,0,0,0
,1772303340.383082,/drone1/cmd_vel,manual,-0.3,0,0,0
,1772303340.403083,/drone1/cmd_vel,manual,-0.3,0,0,0
,1772303340.423034,/drone1/cmd_vel,manual,-0.3,0,0,0
,1772303340.443151,/drone1/cmd_vel,manual,-0.3,0,0,0
,1772303340.463161,/drone1/cmd_vel,manual,-0.3,0,0,0
,1772303340.486706,/drone1/cmd_vel,manual,-0.3,0,0,0
,1772303340.503164,/drone1/cmd_vel,manual,-0.3,0,0,0
,1772303340.523110,/drone1/cmd_vel,manual,-0.3,0,0,0
,1772303340.543180,/drone1/cmd_vel,manual,-0.3,0,0,0
,1772303340.563113,/drone1/cmd_vel,manual,-0.3,0,0,0
,1772303340.583067,/drone1/cmd_vel,manual,-0.3,0,0,0
,1772303340.603732,/drone1/cmd_vel,manual,-0.3,0,0,0
,1772303340.623218,/drone1/cmd_vel,manual,-0.3,0,0,0
,1772303340.643109,/drone1/cmd_vel,manual,-0.3,0,0,0
,1772303340.664432,/drone1/cmd_vel,manual,-0.3,0,0,0
,1772303340.683115,/drone1/cmd_vel,manual,-0.3,0,0,0
,1772303340.703401,/drone1/cmd_vel,manual,-0.3,0,0,0
,1772303340.723294,/drone1/cmd_vel,manual,-0.3,0,0,0
,1772303340.743162,/drone1/cmd_vel,manual,-0.3,0,0,0
,1772303340.763122,/drone1/cmd_vel,manual,-0.3,0,0,0
,1772303340.790388,/drone1/cmd_vel,manual,-0.3,0,0,0
,1772303340.803097,/drone1/cmd_vel,manual,-0.3,0,0,0
,1772303340.825873,/drone1/cmd_vel,manual,-0.3,0,0,0
,1772303340.843271,/drone1/cmd_vel,manual,-0.3,0,0,0
,1772303340.863233,/drone1/cmd_vel,manual,-0.3,0,0,0
,1772303340.886943,/drone1/cmd_vel,manual,-0.3,0,0,0
,1772303340.903118,/drone1/cmd_vel,manual,-0.3,0,0,0
,1772303340.926872,/drone1/cmd_vel,manual,-0.3,0,0,0
,1772303340.943208,/drone1/cmd_vel,manual,-0.3,0,0,0
,1772303340.963285,/drone1/cmd_vel,manual,-0.3,0,0,0
,1772303340.983119,/drone1/cmd_vel,manual,-0.3,0,0,0
,1772303341.003134,/drone1/cmd_vel,manual,-0.3,0,0,0
,1772303341.023116,/drone1/cmd_vel,manual,-0.3,0,0,0
,1772303341.043458,/drone1/cmd_vel,manual,-0.3,0,0,0
,1772303341.063096,/drone1/cmd_vel,manual,-0.3,0,0,0
,1772303341.083294,/drone1/cmd_vel,manual,-0.3,0,0,0
,1772303341.103306,/drone1/cmd_vel,manual,-0.3,0,0,0
,1772303341.131426,/drone1/cmd_vel,manual,-0.3,0,0,0
,1772303341.143059,/drone1/cmd_vel,manual,-0.3,0,0,0
,1772303341.163182,/drone1/cmd_vel,manual,-0.3,0,0,0
,1772303341.183172,/drone1/cmd_vel,manual,-0.3,0,0,0
,1772303341.203196,/drone1/cmd_vel,manual,-0.3,0,0,0
,1772303341.223059,/drone1/cmd_vel,manual,-0.3,0,0,0
,1772303341.243061,/drone1/cmd_vel,manual,-0.3,0,0,0
,1772303341.263147,/drone1/cmd_vel,manual,-0.3,0,0,0
,1772303341.283159,/drone1/cmd_vel,manual,-0.3,0,0,0
,1772303341.303187,/drone1/cmd_vel,manual,-0.3,0,0,0
,1772303341.323242,/drone1/cmd_vel,manual,-0.3,0,0,0
,1772303341.344013,/drone1/cmd_vel,manual,-0.3,0,0,0
,1772303341.363118,/drone1/cmd_vel,manual,-0.3,0,0,0
,1772303341.386826,/drone1/cmd_vel,manual,-0.3,0,0,0
,1772303341.403122,/drone1/cmd_vel,manual,-0.3,0,0,0
,1772303341.423083,/drone1/cmd_vel,manual,-0.3,0,0,0
,1772303341.443125,/drone1/cmd_vel,manual,-0.3,0,0,0
,1772303341.463145,/drone1/cmd_vel,manual,-0.3,0,0,0
,1772303341.483101,/drone1/cmd_vel,manual,-0.3,0,0,0
,1772303341.503089,/drone1/cmd_vel,manual,-0.3,0,0,0
,1772303341.523115,/drone1/cmd_vel,manual,-0.3,0,0,0
,1772303341.543898,/drone1/cmd_vel,manual,-0.3,0,0,0
,1772303341.563203,/drone1/cmd_vel,manual,-0.3,0,0,0
,1772303341.583115,/drone1/cmd_vel,manual,-0.3,0,0,0
,1772303341.603139,/drone1/cmd_vel,manual,-0.3,0,0,0
,1772303341.623213,/drone1/cmd_vel,manual,-0.3,0,0,0
,1772303341.643161,/drone1/cmd_vel,manual,-0.3,0,0,0
,1772303341.663321,/drone1/cmd_vel,manual,-0.3,0,0,0
,1772303341.683177,/drone1/cmd_vel,manual,-0.3,0,0,0
,1772303341.703289,/drone1/cmd_vel,manual,-0.3,0,0,0
,1772303341.723019,/drone1/cmd_vel,manual,-0.3,0,0,0
,1772303341.743155,/drone1/cmd_vel,manual,-0.3,0,0,0
,1772303341.763165,/drone1/cmd_vel,manual,-0.3,0,0,0
,1772303341.783238,/drone1/cmd_vel,manual,-0.3,0,0,0
,1772303341.803134,/drone1/cmd_vel,manual,-0.3,0,0,0
,1772303341.823035,/drone1/cmd_vel,manual,-0.3,0,0,0
,1772303341.843122,/drone1/cmd_vel,manual,-0.3,0,0,0
,1772303341.863075,/drone1/cmd_vel,manual,-0.3,0,0,0
,1772303341.883213,/drone1/cmd_vel,manual,-0.3,0,0,0
,1772303341.903250,/drone1/cmd_vel,manual,-0.3,0,0,0
,1772303341.923100,/drone1/cmd_vel,manual,-0.3,0,0,0
,1772303341.943055,/drone1/cmd_vel,manual,-0.3,0,0,0
,1772303341.963058,/drone1/cmd_vel,manual,-0.3,0,0,0
,1772303341.983080,/drone1/cmd_vel,manual,-0.3,0,0,0
,1772303342.007627,/drone1/cmd_vel,manual,-0.3,0,0,0
,1772303342.023142,/drone1/cmd_vel,manual,-0.3,0,0,0
,1772303342.043046,/drone1/cmd_vel,manual,-0.3,0,0,0
,1772303342.063410,/drone1/cmd_vel,manual,-0.3,0,0,0
,1772303342.083908,/drone1/cmd_vel,manual,-0.3,0,0,0
,1772303342.104221,/drone1/cmd_vel,manual,-0.3,0,0,0
,1772303342.123112,/drone1/cmd_vel,manual,-0.3,0,0,0
,1772303342.143416,/drone1/cmd_vel,manual,-0.3,0,0,0
,1772303342.163076,/drone1/cmd_vel,manual,-0.3,0,0,0
,1772303342.183102,/drone1/cmd_vel,manual,-0.3,0,0,0
,1772303342.203094,/drone1/cmd_vel,manual,-0.3,0,0,0
,1772303342.223232,/drone1/cmd_vel,manual,-0.3,0,0,0
,1772303342.243100,/drone1/cmd_vel,manual,-0.3,0,0,0
,1772303342.266729,/drone1/cmd_vel,manual,-0.3,0,0,0
,1772303342.283104,/drone1/cmd_vel,manual,-0.3,0,0,0
,1772303342.306827,/drone1/cmd_vel,manual,-0.3,0,0,0
,1772303342.323114,/drone1/cmd_vel,manual,-0.3,0,0,0
,1772303342.343048,/drone1/cmd_vel,manual,-0.3,0,0,0
,1772303342.363157,/drone1/cmd_vel,manual,-0.3,0,0,0
,1772303342.383170,/drone1/cmd_vel,manual,-0.3,0,0,0
,1772303342.403104,/drone1/cmd_vel,manual,-0.3,0,0,0
,1772303342.423542,/drone1/cmd_vel,manual,-0.3,0,0,0
,1772303342.443318,/drone1/cmd_vel,manual,-0.3,0,0,0
,1772303342.463180,/drone1/cmd_vel,manual,-0.3,0,0,0
,1772303342.483148,/drone1/cmd_vel,manual,-0.3,0,0,0
,1772303342.503071,/drone1/cmd_vel,manual,-0.3,0,0,0
,1772303342.523607,/drone1/cmd_vel,manual,-0.3,0,0,0
,1772303342.543077,/drone1/cmd_vel,manual,-0.3,0,0,0
,1772303342.563086,/drone1/cmd_vel,manual,-0.3,0,0,0
,1772303342.583323,/drone1/cmd_vel,manual,-0.3,0,0,0
,1772303342.603012,/drone1/cmd_vel,manual,-0.3,0,0,0
,1772303342.629444,/drone1/cmd_vel,manual,-0.3,0,0,0
,1772303342.645609,/drone1/cmd_vel,manual,-0.3,0,0,0
,1772303342.663108,/drone1/cmd_vel,manual,-0.3,0,0,0
,1772303342.683206,/drone1/cmd_vel,manual,-0.3,0,0,0
,1772303342.703764,/drone1/cmd_vel,manual,-0.3,0,0,0
,1772303342.723271,/drone1/cmd_vel,manual,-0.3,0,0,0
,1772303342.750029,/drone1/cmd_vel,manual,-0.3,0,0,0
,1772303342.763186,/drone1/cmd_vel,manual,-0.3,0,0,0
,1772303342.788558,/drone1/cmd_vel,manual,-0.3,0,0,0
,1772303342.803056,/drone1/cmd_vel,manual,-0.3,0,0,0
,1772303342.823271,/drone1/cmd_vel,manual,-0.3,0,0,0
,1772303342.843184,/drone1/cmd_vel,manual,-0.3,0,0,0
,1772303342.863105,/drone1/cmd_vel,manual,-0.3,0,0,0
,1772303342.885709,/drone1/cmd_vel,manual,-0.3,0,0,0
,1772303342.903108,/drone1/cmd_vel,manual,-0.3,0,0,0
,1772303342.923096,/drone1/cmd_vel,manual,-0.3,0,0,0
,1772303342.943065,/drone1/cmd_vel,manual,-0.3,0,0,0
,1772303342.963113,/drone1/cmd_vel,manual,-0.3,0,0,0
,1772303342.983047,/drone1/cmd_vel,manual,-0.3,0,0,0
,1772303343.003047,/drone1/cmd_vel,manual,-0.3,0,0,0
,1772303343.024140,/drone1/cmd_vel,manual,-0.3,0,0,0
,1772303343.043586,/drone1/cmd_vel,manual,-0.3,0,0,0
,1772303343.063319,/drone1/cmd_vel,manual,-0.3,0,0,0
,1772303343.083194,/drone1/cmd_vel,manual,-0.3,0,0,0
,1772303343.103186,/drone1/cmd_vel,manual,-0.3,0,0,0
,1772303343.124009,/drone1/cmd_vel,manual,-0.3,0,0,0
,1772303343.143087,/drone1/cmd_vel,manual,-0.3,0,0,0
,1772303343.163214,/drone1/cmd_vel,manual,0.3,0,0,0
,1772303343.183117,/drone1/cmd_vel,manual,0.3,0,0,0
,1772303343.203258,/drone1/cmd_vel,manual,0.3,0,0,0
,1772303343.223660,/drone1/cmd_vel,manual,0.3,0,0,0
,1772303343.243186,/drone1/cmd_vel,manual,0.3,0,0,0
,1772303343.263407,/drone1/cmd_vel,manual,0.3,0,0,0
,1772303343.283423,/drone1/cmd_vel,manual,0.3,0,0,0
,1772303343.303095,/drone1/cmd_vel,manual,0.3,0,0,0
,1772303343.323429,/drone1/cmd_vel,manual,0.3,0,0,0
,1772303343.343134,/drone1/cmd_vel,manual,0.3,0,0,0
,1772303343.363127,/drone1/cmd_vel,manual,0.3,0,0,0
,1772303343.383048,/drone1/cmd_vel,manual,0.3,0,0,0
,1772303343.403089,/drone1/cmd_vel,manual,0.3,0,0,0
,1772303343.424032,/drone1/cmd_vel,manual,0.3,0,0,0
,1772303343.443285,/drone1/cmd_vel,manual,0.3,0,0,0
,1772303343.468191,/drone1/cmd_vel,manual,0.3,0,0,0
,1772303343.483346,/drone1/cmd_vel,manual,0.3,0,0,0
,1772303343.504380,/drone1/cmd_vel,manual,0.3,0,0,0
,1772303343.523120,/drone1/cmd_vel,manual,0.3,0,0,0
,1772303343.544416,/drone1/cmd_vel,manual,0.3,0,0,0
,1772303343.563267,/drone1/cmd_vel,manual,0.3,0,0,0
,1772303343.583588,/drone1/cmd_vel,manual,0.3,0,0,0
,1772303343.603227,/drone1/cmd_vel,manual,0.3,0,0,0
,1772303343.623187,/drone1/cmd_vel,manual,0.3,0,0,0
,1772303343.643342,/drone1/cmd_vel,manual,0.3,0,0,0
,1772303343.663143,/drone1/cmd_vel,manual,0.3,0,0,0
,1772303343.683105,/drone1/cmd_vel,manual,0.3,0,0,0
,1772303343.703214,/drone1/cmd_vel,manual,0.3,0,0,0
,1772303343.723240,/drone1/cmd_vel,manual,0.3,0,0,0
,1772303343.743451,/drone1/cmd_vel,manual,0.3,0,0,0
,1772303343.764219,/drone1/cmd_vel,manual,0.3,0,0,0
,1772303343.786508,/drone1/cmd_vel,manual,0.3,0,0,0
,1772303343.805923,/drone1/cmd_vel,manual,0.3,0,0,0
,1772303343.823192,/drone1/cmd_vel,manual,0.3,0,0,0
,1772303343.843185,/drone1/cmd_vel,manual,0.3,0,0,0
,1772303343.863060,/drone1/cmd_vel,manual,0.3,0,0,0
,1772303343.885509,/drone1/cmd_vel,manual,0.3,0,0,0
,1772303343.906074,/drone1/cmd_vel,manual,0.3,0,0,0
,1772303343.923919,/drone1/cmd_vel,manual,0.3,0,0,0
,1772303343.943134,/drone1/cmd_vel,manual,0.3,0,0,0
,1772303343.963062,/drone1/cmd_vel,manual,0.3,0,0,0
,1772303343.983815,/drone1/cmd_vel,manual,0.3,0,0,0
,1772303344.003070,/drone1/cmd_vel,manual,0.3,0,0,0
,1772303344.026109,/drone1/cmd_vel,manual,0.3,0,0,0
,1772303344.043093,/drone1/cmd_vel,manual,0.3,0,0,0
,1772303344.063217,/drone1/cmd_vel,manual,0.3,0,0,0
,1772303344.083180,/drone1/cmd_vel,manual,0.3,0,0,0
,1772303344.103124,/drone1/cmd_vel,manual,0.3,0,0,0
,1772303344.123131,/drone1/cmd_vel,manual,0.3,0,0,0
,1772303344.143107,/drone1/cmd_vel,manual,0.3,0,0,0
,1772303344.163146,/drone1/cmd_vel,manual,0.3,0,0,0
,1772303344.183813,/drone1/cmd_vel,manual,0.3,0,0,0
,1772303344.203375,/drone1/cmd_vel,manual,0.3,0,0,0
,1772303344.223464,/drone1/cmd_vel,manual,0.3,0,0,0
,1772303344.250871,/drone1/cmd_vel,manual,0.3,0,0,0
,1772303344.264806,/drone1/cmd_vel,manual,0.3,0,0,0
,1772303344.283159,/drone1/cmd_vel,manual,0.3,0,0,0
,1772303344.303113,/drone1/cmd_vel,manual,0.3,0,0,0
,1772303344.323164,/drone1/cmd_vel,manual,0.3,0,0,0
,1772303344.343178,/drone1/cmd_vel,manual,0.3,0,0,0
,1772303344.363109,/drone1/cmd_vel,manual,0.3,0,0,0
,1772303344.383105,/drone1/cmd_vel,manual,0.3,0,0,0
,1772303344.406983,/drone1/cmd_vel,manual,0.3,0,0,0
,1772303344.423114,/drone1/cmd_vel,manual,0.3,0,0,0
,1772303344.443097,/drone1/cmd_vel,manual,0.3,0,0,0
,1772303344.463107,/drone1/cmd_vel,manual,0.3,0,0,0
,1772303344.483058,/drone1/cmd_vel,manual,0.3,0,0,0
,1772303344.503285,/drone1/cmd_vel,manual,0.3,0,0,0
,1772303344.523276,/drone1/cmd_vel,manual,0.3,0,0,0
,1772303344.543323,/drone1/cmd_vel,manual,0.3,0,0,0
,1772303344.563196,/drone1/cmd_vel,manual,0.3,0,0,0
,1772303344.583646,/drone1/cmd_vel,manual,0.3,0,0,0
,1772303344.603098,/drone1/cmd_vel,manual,0.3,0,0,0
,1772303344.623097,/drone1/cmd_vel,manual,0.3,0,0,0
,1772303344.643200,/drone1/cmd_vel,manual,0.3,0,0,0
,1772303344.669485,/drone1/cmd_vel,manual,0.3,0,0,0
,1772303344.683289,/drone1/cmd_vel,manual,0.3,0,0,0
,1772303344.703195,/drone1/cmd_vel,manual,0.3,0,0,0
,1772303344.723171,/drone1/cmd_vel,manual,0.3,0,0,0
,1772303344.743749,/drone1/cmd_vel,manual,0.3,0,0,0
,1772303344.763702,/drone1/cmd_vel,manual,0.3,0,0,0
,1772303344.783080,/drone1/cmd_vel,manual,0.3,0,0,0
,1772303344.803088,/drone1/cmd_vel,manual,0.3,0,0,0
,1772303344.823244,/drone1/cmd_vel,manual,0.3,0,0,0
,1772303344.852417,/drone1/cmd_vel,manual,0.3,0,0,0
,1772303344.867568,/drone1/cmd_vel,manual,0.3,0,0,0
,1772303344.883151,/drone1/cmd_vel,manual,0.3,0,0,0
,1772303344.905683,/drone1/cmd_vel,manual,0.3,0,0,0
,1772303344.923150,/drone1/cmd_vel,manual,0.3,0,0,0
,1772303344.948370,/drone1/cmd_vel,manual,0.3,0,0,0
,1772303344.963262,/drone1/cmd_vel,manual,0.3,0,0,0
,1772303344.983124,/drone1/cmd_vel,manual,0.3,0,0,0
,1772303345.003105,/drone1/cmd_vel,manual,0.3,0,0,0
,1772303345.023528,/drone1/cmd_vel,manual,0.3,0,0,0
,1772303345.043342,/drone1/cmd_vel,manual,0.3,0,0,0
,1772303345.063106,/drone1/cmd_vel,manual,0.3,0,0,0
,1772303345.086867,/drone1/cmd_vel,manual,0.3,0,0,0
,1772303345.103109,/drone1/cmd_vel,manual,0.3,0,0,0
,1772303345.123272,/drone1/cmd_vel,manual,0.3,0,0,0
,1772303345.145600,/drone1/cmd_vel,manual,0.3,0,0,0
,1772303345.170228,/drone1/cmd_vel,manual,0.3,0,0,0
,1772303345.183341,/drone1/cmd_vel,manual,0.3,0,0,0
,1772303345.203233,/drone1/cmd_vel,manual,0.3,0,0,0
,1772303345.223152,/drone1/cmd_vel,manual,0.3,0,0,0
,1772303345.243136,/drone1/cmd_vel,manual,0.3,0,0,0
,1772303345.263120,/drone1/cmd_vel,manual,0.3,0,0,0
,1772303345.283394,/drone1/cmd_vel,manual,0.3,0,0,0
,1772303345.303099,/drone1/cmd_vel,manual,0.3,0,0,0
,1772303345.323200,/drone1/cmd_vel,manual,0.3,0,0,0
,1772303345.343129,/drone1/cmd_vel,manual,0.3,0,0,0
,1772303345.366042,/drone1/cmd_vel,manual,0.3,0,0,0
,1772303345.385307,/drone1/cmd_vel,manual,0.3,0,0,0
,1772303345.403370,/drone1/cmd_vel,manual,0.3,0,0,0
,1772303345.423399,/drone1/cmd_vel,manual,0.3,0,0,0
,1772303345.445240,/drone1/cmd_vel,manual,0.3,0,0,0
,1772303345.463091,/drone1/cmd_vel,manual,0.3,0,0,0
,1772303345.484713,/drone1/cmd_vel,manual,0.3,0,0,0
,1772303345.503186,/drone1/cmd_vel,manual,0.3,0,0,0
,1772303345.523252,/drone1/cmd_vel,manual,0.3,0,0,0
,1772303345.543166,/drone1/cmd_vel,manual,0.3,0,0,0
,1772303345.563123,/drone1/cmd_vel,manual,0.3,0,0,0
,1772303345.584235,/drone1/cmd_vel,manual,0.3,0,0,0
,1772303345.603155,/drone1/cmd_vel,manual,0.3,0,0,0
,1772303345.623085,/drone1/cmd_vel,manual,0.3,0,0,0
,1772303345.643425,/drone1/cmd_vel,manual,0.3,0,0,0
,1772303345.663248,/drone1/cmd_vel,manual,0.3,0,0,0
,1772303345.683585,/drone1/cmd_vel,manual,0.3,0,0,0
,1772303345.704324,/drone1/cmd_vel,manual,0.3,0,0,0
,1772303345.724625,/drone1/cmd_vel,manual,0.3,0,0,0
,1772303345.743061,/drone1/cmd_vel,manual,0.3,0,0,0
,1772303345.763235,/drone1/cmd_vel,manual,0.3,0,0,0
,1772303345.794007,/drone1/cmd_vel,manual,0.3,0,0,0
,1772303345.803281,/drone1/cmd_vel,manual,0.3,0,0,0
,1772303345.823414,/drone1/cmd_vel,manual,0.3,0,0,0
,1772303345.846675,/drone1/cmd_vel,manual,0.3,0,0,0
,1772303345.863233,/drone1/cmd_vel,manual,0.3,0,0,0
,1772303345.883244,/drone1/cmd_vel,manual,0.3,0,0,0
,1772303345.903508,/drone1/cmd_vel,manual,0.3,0,0,0
,1772303345.923141,/drone1/cmd_vel,manual,0.3,0,0,0
,1772303345.943108,/drone1/cmd_vel,manual,0.3,0,0,0
,1772303345.963125,/drone1/cmd_vel,manual,0.3,0,0,0
,1772303345.984917,/drone1/cmd_vel,manual,0.3,0,0,0
,1772303346.003276,/drone1/cmd_vel,manual,0.3,0,0,0
,1772303346.023264,/drone1/cmd_vel,manual,0.3,0,0,0
,1772303346.043055,/drone1/cmd_vel,manual,0.3,0,0,0
,1772303346.066780,/drone1/cmd_vel,manual,0.3,0,0,0
,1772303346.083609,/drone1/cmd_vel,manual,0.3,0,0,0
,1772303346.103660,/drone1/cmd_vel,manual,0.3,0,0,0
,1772303346.123272,/drone1/cmd_vel,manual,0.3,0,0,0
,1772303346.143122,/drone1/cmd_vel,manual,0.3,0,0,0
,1772303346.163105,/drone1/cmd_vel,manual,0.3,0,0,0
,1772303346.183099,/drone1/cmd_vel,manual,0.3,0,0,0
,1772303346.203129,/drone1/cmd_vel,manual,0.3,0,0,0
,1772303346.223169,/drone1/cmd_vel,manual,0.3,0,0,0
,1772303346.243269,/drone1/cmd_vel,manual,0.3,0,0,0
,1772303346.263118,/drone1/cmd_vel,manual,0.3,0,0,0
,1772303346.283200,/drone1/cmd_vel,manual,0.3,0,0,0
,1772303346.303423,/drone1/cmd_vel,manual,-0.3,0,0,0
,1772303346.327574,/drone1/cmd_vel,manual,-0.3,0,0,0
,1772303346.343160,/drone1/cmd_vel,manual,-0.3,0,0,0
,1772303346.363137,/drone1/cmd_vel,manual,-0.3,0,0,0
,1772303346.383193,/drone1/cmd_vel,manual,-0.3,0,0,0
,1772303346.403096,/drone1/cmd_vel,manual,-0.3,0,0,0
,1772303346.423088,/drone1/cmd_vel,manual,-0.3,0,0,0
,1772303346.443079,/drone1/cmd_vel,manual,-0.3,0,0,0
,1772303346.465901,/drone1/cmd_vel,manual,-0.3,0,0,0
,1772303346.484242,/drone1/cmd_vel,manual,-0.3,0,0,0
,1772303346.503741,/drone1/cmd_vel,manual,-0.3,0,0,0
,1772303346.523104,/drone1/cmd_vel,manual,-0.3,0,0,0
,1772303346.544127,/drone1/cmd_vel,manual,-0.3,0,0,0
,1772303346.567268,/drone1/cmd_vel,manual,-0.3,0,0,0
,1772303346.583148,/drone1/cmd_vel,manual,-0.3,0,0,0
,1772303346.603344,/drone1/cmd_vel,manual,-0.3,0,0,0
,1772303346.623195,/drone1/cmd_vel,manual,-0.3,0,0,0
,1772303346.643144,/drone1/cmd_vel,manual,-0.3,0,0,0
,1772303346.663136,/drone1/cmd_vel,manual,-0.3,0,0,0
,1772303346.685706,/drone1/cmd_vel,manual,-0.3,0,0,0
,1772303346.703027,/drone1/cmd_vel,manual,-0.3,0,0,0
,1772303346.723207,/drone1/cmd_vel,manual,-0.3,0,0,0
,1772303346.743075,/drone1/cmd_vel,manual,-0.3,0,0,0
,1772303346.763065,/drone1/cmd_vel,manual,-0.3,0,0,0
,1772303346.783075,/drone1/cmd_vel,manual,-0.3,0,0,0
,1772303346.807088,/drone1/cmd_vel,manual,-0.3,0,0,0
,1772303346.826697,/drone1/cmd_vel,manual,-0.3,0,0,0
,1772303346.843232,/drone1/cmd_vel,manual,-0.3,0,0,0
,1772303346.866553,/drone1/cmd_vel,manual,-0.3,0,0,0
,1772303346.889923,/drone1/cmd_vel,manual,-0.3,0,0,0
,1772303346.903445,/drone1/cmd_vel,manual,-0.3,0,0,0
,1772303346.923859,/drone1/cmd_vel,manual,-0.3,0,0,0
,1772303346.943402,/drone1/cmd_vel,manual,-0.3,0,0,0
,1772303346.963222,/drone1/cmd_vel,manual,-0.3,0,0,0
,1772303346.986659,/drone1/cmd_vel,manual,-0.3,0,0,0
,1772303347.004706,/drone1/cmd_vel,manual,-0.3,0,0,0
,1772303347.023149,/drone1/cmd_vel,manual,-0.3,0,0,0
,1772303347.043148,/drone1/cmd_vel,manual,-0.3,0,0,0
,1772303347.063134,/drone1/cmd_vel,manual,-0.3,0,0,0
,1772303347.083350,/drone1/cmd_vel,manual,-0.3,0,0,0
,1772303347.103063,/drone1/cmd_vel,manual,-0.3,0,0,0
,1772303347.123088,/drone1/cmd_vel,manual,-0.3,0,0,0
,1772303347.143363,/drone1/cmd_vel,manual,-0.3,0,0,0
,1772303347.165155,/drone1/cmd_vel,manual,-0.3,0,0,0
,1772303347.183148,/drone1/cmd_vel,manual,-0.3,0,0,0
,1772303347.204333,/drone1/cmd_vel,manual,-0.3,0,0,0
,1772303347.223149,/drone1/cmd_vel,manual,-0.3,0,0,0
,1772303347.243201,/drone1/cmd_vel,manual,-0.3,0,0,0
,1772303347.265106,/drone1/cmd_vel,manual,-0.3,0,0,0
,1772303347.283482,/drone1/cmd_vel,manual,-0.3,0,0,0
,1772303347.303223,/drone1/cmd_vel,manual,-0.3,0,0,0
,1772303347.323065,/drone1/cmd_vel,manual,-0.3,0,0,0
,1772303347.343136,/drone1/cmd_vel,manual,-0.3,0,0,0
,1772303347.365084,/drone1/cmd_vel,manual,-0.3,0,0,0
,1772303347.384408,/drone1/cmd_vel,manual,-0.3,0,0,0
,1772303347.403127,/drone1/cmd_vel,manual,-0.3,0,0,0
,1772303347.423290,/drone1/cmd_vel,manual,-0.3,0,0,0
,1772303347.443000,/drone1/cmd_vel,manual,-0.3,0,0,0
,1772303347.463356,/drone1/cmd_vel,manual,-0.3,0,0,0
,1772303347.483845,/drone1/cmd_vel,manual,-0.3,0,0,0
,1772303347.506666,/drone1/cmd_vel,manual,-0.3,0,0,0
,1772303347.523180,/drone1/cmd_vel,manual,-0.3,0,0,0
,1772303347.543426,/drone1/cmd_vel,manual,-0.3,0,0,0
,1772303347.563176,/drone1/cmd_vel,manual,-0.3,0,0,0
,1772303347.583165,/drone1/cmd_vel,manual,-0.3,0,0,0
,1772303347.603372,/drone1/cmd_vel,manual,-0.3,0,0,0
,1772303347.623198,/drone1/cmd_vel,manual,-0.3,0,0,0
,1772303347.646244,/drone1/cmd_vel,manual,-0.3,0,0,0
,1772303347.664661,/drone1/cmd_vel,manual,-0.3,0,0,0
,1772303347.683010,/drone1/cmd_vel,manual,-0.3,0,0,0
,1772303347.703075,/drone1/cmd_vel,manual,-0.3,0,0,0
,1772303347.723099,/drone1/cmd_vel,manual,-0.3,0,0,0
,1772303347.743051,/drone1/cmd_vel,manual,-0.3,0,0,0
,1772303347.763172,/drone1/cmd_vel,manual,-0.3,0,0,0
,1772303347.783122,/drone1/cmd_vel,manual,-0.3,0,0,0
,1772303347.803093,/drone1/cmd_vel,manual,-0.3,0,0,0
,1772303347.828977,/drone1/cmd_vel,manual,-0.3,0,0,0
,1772303347.843882,/drone1/cmd_vel,manual,-0.3,0,0,0
,1772303347.863144,/drone1/cmd_vel,manual,-0.3,0,0,0
,1772303347.883272,/drone1/cmd_vel,manual,-0.3,0,0,0
,1772303347.903063,/drone1/cmd_vel,manual,-0.3,0,0,0
,1772303347.926883,/drone1/cmd_vel,manual,-0.3,0,0,0
,1772303347.943104,/drone1/cmd_vel,manual,-0.3,0,0,0
,1772303347.963101,/drone1/cmd_vel,manual,-0.3,0,0,0
,1772303347.983050,/drone1/cmd_vel,manual,-0.3,0,0,0
,1772303348.003077,/drone1/cmd_vel,manual,-0.3,0,0,0
,1772303348.023351,/drone1/cmd_vel,manual,-0.3,0,0,0
,1772303348.043555,/drone1/cmd_vel,manual,-0.3,0,0,0
,1772303348.065454,/drone1/cmd_vel,manual,-0.3,0,0,0
,1772303348.083125,/drone1/cmd_vel,manual,-0.3,0,0,0
,1772303348.103086,/drone1/cmd_vel,manual,-0.3,0,0,0
,1772303348.123177,/drone1/cmd_vel,manual,-0.3,0,0,0
,1772303348.143969,/drone1/cmd_vel,manual,-0.3,0,0,0
,1772303348.163102,/drone1/cmd_vel,manual,-0.3,0,0,0
,1772303348.183293,/drone1/cmd_vel,manual,-0.3,0,0,0
,1772303348.203118,/drone1/cmd_vel,manual,-0.3,0,0,0
,1772303348.226835,/drone1/cmd_vel,manual,-0.3,0,0,0
,1772303348.243090,/drone1/cmd_vel,manual,-0.3,0,0,0
,1772303348.263134,/drone1/cmd_vel,manual,-0.3,0,0,0
,1772303348.283137,/drone1/cmd_vel,manual,-0.3,0,0,0
,1772303348.303099,/drone1/cmd_vel,manual,-0.3,0,0,0
,1772303348.323110,/drone1/cmd_vel,manual,-0.3,0,0,0
,1772303348.343156,/drone1/cmd_vel,manual,-0.3,0,0,0
,1772303348.363239,/drone1/cmd_vel,manual,-0.3,0,0,0
,1772303348.383090,/drone1/cmd_vel,manual,-0.3,0,0,0
,1772303348.403083,/drone1/cmd_vel,manual,-0.3,0,0,0
,1772303348.424839,/drone1/cmd_vel,manual,-0.3,0,0,0
,1772303348.450766,/drone1/cmd_vel,manual,-0.3,0,0,0
,1772303348.463025,/drone1/cmd_vel,manual,-0.3,0,0,0
,1772303348.483319,/drone1/cmd_vel,manual,-0.3,0,0,0
,1772303348.503360,/drone1/cmd_vel,manual,-0.3,0,0,0
,1772303348.523129,/drone1/cmd_vel,manual,-0.3,0,0,0
,1772303348.548328,/drone1/cmd_vel,manual,-0.3,0,0,0
,1772303348.563124,/drone1/cmd_vel,manual,-0.3,0,0,0
,1772303348.583048,/drone1/cmd_vel,manual,-0.3,0,0,0
,1772303348.603116,/drone1/cmd_vel,manual,-0.3,0,0,0
,1772303348.625564,/drone1/cmd_vel,manual,-0.3,0,0,0
,1772303348.646310,/drone1/cmd_vel,manual,-0.3,0,0,0
,1772303348.664579,/drone1/cmd_vel,manual,-0.3,0,0,0
,1772303348.683128,/drone1/cmd_vel,manual,-0.3,0,0,0
,1772303348.703182,/drone1/cmd_vel,manual,-0.3,0,0,0
,1772303348.723058,/drone1/cmd_vel,manual,-0.3,0,0,0
,1772303348.743238,/drone1/cmd_vel,manual,-0.3,0,0,0
,1772303348.763210,/drone1/cmd_vel,manual,-0.3,0,0,0
,1772303348.783244,/drone1/cmd_vel,manual,-0.3,0,0,0
,1772303348.803097,/drone1/cmd_vel,manual,-0.3,0,0,0
,1772303348.823244,/drone1/cmd_vel,manual,-0.3,0,0,0
,1772303348.846268,/drone1/cmd_vel,manual,-0.3,0,0,0
,1772303348.863168,/drone1/cmd_vel,manual,-0.3,0,0,0
,1772303348.883197,/drone1/cmd_vel,manual,-0.3,0,0,0
,1772303348.903338,/drone1/cmd_vel,manual,-0.3,0,0,0
,1772303348.924080,/drone1/cmd_vel,manual,-0.3,0,0,0
,1772303348.943748,/drone1/cmd_vel,manual,-0.3,0,0,0
,1772303348.964928,/drone1/cmd_vel,manual,-0.3,0,0,0
,1772303348.983155,/drone1/cmd_vel,manual,-0.3,0,0,0
,1772303349.003166,/drone1/cmd_vel,manual,-0.3,0,0,0
,1772303349.023142,/drone1/cmd_vel,manual,-0.3,0,0,0
,1772303349.043018,/drone1/cmd_vel,manual,-0.3,0,0,0
,1772303349.066963,/drone1/cmd_vel,manual,-0.3,0,0,0
,1772303349.084471,/drone1/cmd_vel,manual,-0.3,0,0,0
,1772303349.103238,/drone1/cmd_vel,manual,-0.3,0,0,0
,1772303349.123189,/drone1/cmd_vel,manual,-0.3,0,0,0
,1772303349.143153,/drone1/cmd_vel,manual,-0.3,0,0,0
,1772303349.163108,/drone1/cmd_vel,manual,-0.3,0,0,0
,1772303349.183159,/drone1/cmd_vel,manual,-0.3,0,0,0
,1772303349.203098,/drone1/cmd_vel,manual,-0.3,0,0,0
,1772303349.223507,/drone1/cmd_vel,manual,-0.3,0,0,0
,1772303349.243202,/drone1/cmd_vel,manual,-0.3,0,0,0
,1772303349.263113,/drone1/cmd_vel,manual,-0.3,0,0,0
,1772303349.285203,/drone1/cmd_vel,manual,-0.3,0,0,0
,1772303349.309221,/drone1/cmd_vel,manual,-0.3,0,0,0
,1772303349.323085,/drone1/cmd_vel,manual,-0.3,0,0,0
,1772303349.343201,/drone1/cmd_vel,manual,-0.3,0,0,0
,1772303349.363151,/drone1/cmd_vel,manual,-0.3,0,0,0
,1772303349.383381,/drone1/cmd_vel,manual,-0.3,0,0,0
,1772303349.403118,/drone1/cmd_vel,manual,-0.3,0,0,0
,1772303349.428012,/drone1/cmd_vel,manual,-0.3,0,0,0
,1772303349.443198,/drone1/cmd_vel,manual,0.3,0,0,0
,1772303349.463301,/drone1/cmd_vel,manual,0.3,0,0,0
,1772303349.483457,/drone1/cmd_vel,manual,0.3,0,0,0
,1772303349.505859,/drone1/cmd_vel,manual,0.3,0,0,0
,1772303349.523177,/drone1/cmd_vel,manual,0.3,0,0,0
,1772303349.543177,/drone1/cmd_vel,manual,0.3,0,0,0
,1772303349.563119,/drone1/cmd_vel,manual,0.3,0,0,0
,1772303349.583296,/drone1/cmd_vel,manual,0.3,0,0,0
,1772303349.603269,/drone1/cmd_vel,manual,0.3,0,0,0
,1772303349.623063,/drone1/cmd_vel,manual,0.3,0,0,0
,1772303349.643354,/drone1/cmd_vel,manual,0.3,0,0,0
,1772303349.663159,/drone1/cmd_vel,manual,0.3,0,0,0
,1772303349.684899,/drone1/cmd_vel,manual,0.3,0,0,0
,1772303349.703263,/drone1/cmd_vel,manual,0.3,0,0,0
,1772303349.723300,/drone1/cmd_vel,manual,0.3,0,0,0
,1772303349.743674,/drone1/cmd_vel,manual,0.3,0,0,0
,1772303349.763057,/drone1/cmd_vel,manual,0.3,0,0,0
,1772303349.783071,/drone1/cmd_vel,manual,0.3,0,0,0
,1772303349.803041,/drone1/cmd_vel,manual,0.3,0,0,0
,1772303349.826737,/drone1/cmd_vel,manual,0.3,0,0,0
,1772303349.843294,/drone1/cmd_vel,manual,0.3,0,0,0
,1772303349.863298,/drone1/cmd_vel,manual,0.3,0,0,0
,1772303349.883234,/drone1/cmd_vel,manual,0.3,0,0,0
,1772303349.903129,/drone1/cmd_vel,manual,0.3,0,0,0
,1772303349.923153,/drone1/cmd_vel,manual,0.3,0,0,0
,1772303349.946373,/drone1/cmd_vel,manual,0.3,0,0,0
,1772303349.963096,/drone1/cmd_vel,manual,0.3,0,0,0
,1772303349.983059,/drone1/cmd_vel,manual,0.3,0,0,0
,1772303350.003120,/drone1/cmd_vel,manual,0.3,0,0,0
,1772303350.026803,/drone1/cmd_vel,manual,0.3,0,0,0
,1772303350.045528,/drone1/cmd_vel,manual,0.3,0,0,0
,1772303350.062998,/drone1/cmd_vel,manual,0.3,0,0,0
,1772303350.083795,/drone1/cmd_vel,manual,0.3,0,0,0
,1772303350.103333,/drone1/cmd_vel,manual,0.3,0,0,0
,1772303350.123168,/drone1/cmd_vel,manual,0.3,0,0,0
,1772303350.143043,/drone1/cmd_vel,manual,0.3,0,0,0
,1772303350.164025,/drone1/cmd_vel,manual,0.3,0,0,0
,1772303350.188549,/drone1/cmd_vel,manual,0.3,0,0,0
,1772303350.203082,/drone1/cmd_vel,manual,0.3,0,0,0
,1772303350.224070,/drone1/cmd_vel,manual,0.3,0,0,0
,1772303350.243127,/drone1/cmd_vel,manual,0.3,0,0,0
,1772303350.263183,/drone1/cmd_vel,manual,0.3,0,0,0
,1772303350.283228,/drone1/cmd_vel,manual,0.3,0,0,0
,1772303350.305284,/drone1/cmd_vel,manual,0.3,0,0,0
,1772303350.325359,/drone1/cmd_vel,manual,0.3,0,0,0
,1772303350.344572,/drone1/cmd_vel,manual,0.3,0,0,0
,1772303350.363160,/drone1/cmd_vel,manual,0.3,0,0,0
,1772303350.383293,/drone1/cmd_vel,manual,0.3,0,0,0
,1772303350.403059,/drone1/cmd_vel,manual,0.3,0,0,0
,1772303350.424559,/drone1/cmd_vel,manual,0.3,0,0,0
,1772303350.443346,/drone1/cmd_vel,manual,0.3,0,0,0
,1772303350.463157,/drone1/cmd_vel,manual,0.3,0,0,0
,1772303350.483256,/drone1/cmd_vel,manual,0.3,0,0,0
,1772303350.503073,/drone1/cmd_vel,manual,0.3,0,0,0
,1772303350.523148,/drone1/cmd_vel,manual,0.3,0,0,0
,1772303350.546310,/drone1/cmd_vel,manual,0.3,0,0,0
,1772303350.563168,/drone1/cmd_vel,manual,0.3,0,0,0
,1772303350.583134,/drone1/cmd_vel,manual,0.3,0,0,0
,1772303350.603310,/drone1/cmd_vel,manual,0.3,0,0,0
,1772303350.625139,/drone1/cmd_vel,manual,0.3,0,0,0
,1772303350.645357,/drone1/cmd_vel,manual,0.3,0,0,0
,1772303350.663179,/drone1/cmd_vel,manual,0.3,0,0,0
,1772303350.685662,/drone1/cmd_vel,manual,0.3,0,0,0
,1772303350.703058,/drone1/cmd_vel,manual,0.3,0,0,0
,1772303350.723136,/drone1/cmd_vel,manual,0.3,0,0,0
,1772303350.743042,/drone1/cmd_vel,manual,0.3,0,0,0
,1772303350.768435,/drone1/cmd_vel,manual,0.3,0,0,0
,1772303350.783113,/drone1/cmd_vel,manual,0.3,0,0,0
,1772303350.803379,/drone1/cmd_vel,manual,0.3,0,0,0
,1772303350.823133,/drone1/cmd_vel,manual,0.3,0,0,0
,1772303350.843334,/drone1/cmd_vel,manual,0.3,0,0,0
,1772303350.866597,/drone1/cmd_vel,manual,0.3,0,0,0
,1772303350.883419,/drone1/cmd_vel,manual,0.3,0,0,0
,1772303350.903164,/drone1/cmd_vel,manual,0.3,0,0,0
,1772303350.923203,/drone1/cmd_vel,manual,0.3,0,0,0
,1772303350.943028,/drone1/cmd_vel,manual,0.3,0,0,0
,1772303350.963286,/drone1/cmd_vel,manual,0.3,0,0,0
,1772303350.983066,/drone1/cmd_vel,manual,0.3,0,0,0
,1772303351.003052,/drone1/cmd_vel,manual,0.3,0,0,0
,1772303351.023209,/drone1/cmd_vel,manual,0.3,0,0,0
,1772303351.043236,/drone1/cmd_vel,manual,0.3,0,0,0
,1772303351.063118,/drone1/cmd_vel,manual,0.3,0,0,0
,1772303351.083196,/drone1/cmd_vel,manual,0.3,0,0,0
,1772303351.103096,/drone1/cmd_vel,manual,0.3,0,0,0
,1772303351.123075,/drone1/cmd_vel,manual,0.3,0,0,0
,1772303351.143085,/drone1/cmd_vel,manual,0.3,0,0,0
,1772303351.163076,/drone1/cmd_vel,manual,0.3,0,0,0
,1772303351.183059,/drone1/cmd_vel,manual,0.3,0,0,0
,1772303351.205463,/drone1/cmd_vel,manual,0.3,0,0,0
,1772303351.223026,/drone1/cmd_vel,manual,0.3,0,0,0
,1772303351.243208,/drone1/cmd_vel,manual,0.3,0,0,0
,1772303351.266427,/drone1/cmd_vel,manual,0.3,0,0,0
,1772303351.283114,/drone1/cmd_vel,manual,0.3,0,0,0
,1772303351.303035,/drone1/cmd_vel,manual,0.3,0,0,0
,1772303351.323193,/drone1/cmd_vel,manual,0.3,0,0,0
,1772303351.343104,/drone1/cmd_vel,manual,0.3,0,0,0
,1772303351.363583,/drone1/cmd_vel,manual,0.3,0,0,0
,1772303351.383155,/drone1/cmd_vel,manual,0.3,0,0,0
,1772303351.403223,/drone1/cmd_vel,manual,0.3,0,0,0
,1772303351.425091,/drone1/cmd_vel,manual,0.3,0,0,0
,1772303351.444799,/drone1/cmd_vel,manual,0.3,0,0,0
,1772303351.463542,/drone1/cmd_vel,manual,0.3,0,0,0
,1772303351.486500,/drone1/cmd_vel,manual,0.3,0,0,0
,1772303351.503088,/drone1/cmd_vel,manual,0.3,0,0,0
,1772303351.523053,/drone1/cmd_vel,manual,0.3,0,0,0
,1772303351.543245,/drone1/cmd_vel,manual,0.3,0,0,0
,1772303351.564559,/drone1/cmd_vel,manual,0.3,0,0,0
,1772303351.583126,/drone1/cmd_vel,manual,0.3,0,0,0
,1772303351.603156,/drone1/cmd_vel,manual,0.3,0,0,0
,1772303351.623133,/drone1/cmd_vel,manual,0.3,0,0,0
,1772303351.643138,/drone1/cmd_vel,manual,0.3,0,0,0
,1772303351.663260,/drone1/cmd_vel,manual,0.3,0,0,0
,1772303351.683769,/drone1/cmd_vel,manual,0.3,0,0,0
,1772303351.706312,/drone1/cmd_vel,manual,0.3,0,0,0
,1772303351.723179,/drone1/cmd_vel,manual,0.3,0,0,0
,1772303351.743082,/drone1/cmd_vel,manual,0.3,0,0,0
,1772303351.763215,/drone1/cmd_vel,manual,0.3,0,0,0
,1772303351.783161,/drone1/cmd_vel,manual,0.3,0,0,0
,1772303351.803131,/drone1/cmd_vel,manual,0.3,0,0,0
,1772303351.823084,/drone1/cmd_vel,manual,0.3,0,0,0
,1772303351.843310,/drone1/cmd_vel,manual,0.3,0,0,0
,1772303351.863005,/drone1/cmd_vel,manual,0.3,0,0,0
,1772303351.883106,/drone1/cmd_vel,manual,0.3,0,0,0
,1772303351.903052,/drone1/cmd_vel,manual,0.3,0,0,0
,1772303351.923392,/drone1/cmd_vel,manual,0.3,0,0,0
,1772303351.943116,/drone1/cmd_vel,manual,0.3,0,0,0
,1772303351.963058,/drone1/cmd_vel,manual,0.3,0,0,0
,1772303351.983570,/drone1/cmd_vel,manual,0.3,0,0,0
,1772303352.004107,/drone1/cmd_vel,manual,0.3,0,0,0
,1772303352.023689,/drone1/cmd_vel,manual,0.3,0,0,0
,1772303352.043154,/drone1/cmd_vel,manual,0.3,0,0,0
,1772303352.067721,/drone1/cmd_vel,manual,0.3,0,0,0
,1772303352.083231,/drone1/cmd_vel,manual,0.3,0,0,0
,1772303352.103119,/drone1/cmd_vel,manual,0.3,0,0,0
,1772303352.124322,/drone1/cmd_vel,manual,0.3,0,0,0
,1772303352.143237,/drone1/cmd_vel,manual,0.3,0,0,0
,1772303352.163098,/drone1/cmd_vel,manual,0.3,0,0,0
,1772303352.183504,/drone1/cmd_vel,manual,0.3,0,0,0
,1772303352.203434,/drone1/cmd_vel,manual,0.3,0,0,0
,1772303352.223238,/drone1/cmd_vel,manual,0.3,0,0,0
,1772303352.243108,/drone1/cmd_vel,manual,0.3,0,0,0
,1772303352.265866,/drone1/cmd_vel,manual,0.3,0,0,0
,1772303352.283159,/drone1/cmd_vel,manual,0.3,0,0,0
,1772303352.303147,/drone1/cmd_vel,manual,0.3,0,0,0
,1772303352.323056,/drone1/cmd_vel,manual,0.3,0,0,0
,1772303352.343233,/drone1/cmd_vel,manual,0.3,0,0,0
,1772303352.367805,/drone1/cmd_vel,manual,0.3,0,0,0
,1772303352.383216,/drone1/cmd_vel,manual,0.3,0,0,0
,1772303352.403103,/drone1/cmd_vel,manual,0.3,0,0,0
,1772303352.423171,/drone1/cmd_vel,manual,0.3,0,0,0
,1772303352.445535,/drone1/cmd_vel,manual,0.3,0,0,0
,1772303352.464026,/drone1/cmd_vel,manual,0.3,0,0,0
,1772303352.483368,/drone1/cmd_vel,manual,0.3,0,0,0
,1772303352.503240,/drone1/cmd_vel,manual,0.3,0,0,0
,1772303352.525050,/drone1/cmd_vel,manual,0.3,0,0,0
,1772303352.547024,/drone1/cmd_vel,manual,0.3,0,0,0
,1772303352.563140,/drone1/cmd_vel,manual,0.3,0,0,0
,1772303352.583389,/drone1/cmd_vel,manual,-0.3,0,0,0
,1772303352.603064,/drone1/cmd_vel,manual,-0.3,0,0,0
,1772303352.623053,/drone1/cmd_vel,manual,-0.3,0,0,0
,1772303352.643143,/drone1/cmd_vel,manual,-0.3,0,0,0
,1772303352.663074,/drone1/cmd_vel,manual,-0.3,0,0,0
,1772303352.683080,/drone1/cmd_vel,manual,-0.3,0,0,0
,1772303352.703353,/drone1/cmd_vel,manual,-0.3,0,0,0
,1772303352.723145,/drone1/cmd_vel,manual,-0.3,0,0,0
,1772303352.745329,/drone1/cmd_vel,manual,-0.3,0,0,0
,1772303352.763009,/drone1/cmd_vel,manual,-0.3,0,0,0
,1772303352.783117,/drone1/cmd_vel,manual,-0.3,0,0,0
,1772303352.803114,/drone1/cmd_vel,manual,-0.3,0,0,0
,1772303352.823386,/drone1/cmd_vel,manual,-0.3,0,0,0
,1772303352.843565,/drone1/cmd_vel,manual,-0.3,0,0,0
,1772303352.863154,/drone1/cmd_vel,manual,-0.3,0,0,0
,1772303352.883403,/drone1/cmd_vel,manual,-0.3,0,0,0
,1772303352.903096,/drone1/cmd_vel,manual,-0.3,0,0,0
,1772303352.927152,/drone1/cmd_vel,manual,-0.3,0,0,0
,1772303352.946399,/drone1/cmd_vel,manual,-0.3,0,0,0
,1772303352.963690,/drone1/cmd_vel,manual,-0.3,0,0,0
,1772303352.983138,/drone1/cmd_vel,manual,-0.3,0,0,0
,1772303353.006776,/drone1/cmd_vel,manual,-0.3,0,0,0
,1772303353.023044,/drone1/cmd_vel,manual,-0.3,0,0,0
,1772303353.043058,/drone1/cmd_vel,manual,-0.3,0,0,0
,1772303353.064972,/drone1/cmd_vel,manual,-0.3,0,0,0
,1772303353.084338,/drone1/cmd_vel,manual,-0.3,0,0,0
,1772303353.103234,/drone1/cmd_vel,manual,-0.3,0,0,0
,1772303353.123321,/drone1/cmd_vel,manual,-0.3,0,0,0
,1772303353.143208,/drone1/cmd_vel,manual,-0.3,0,0,0
,1772303353.163118,/drone1/cmd_vel,manual,-0.3,0,0,0
,1772303353.183128,/drone1/cmd_vel,manual,-0.3,0,0,0
,1772303353.203128,/drone1/cmd_vel,manual,-0.3,0,0,0
,1772303353.225271,/drone1/cmd_vel,manual,-0.3,0,0,0
,1772303353.244038,/drone1/cmd_vel,manual,-0.3,0,0,0
,1772303353.264813,/drone1/cmd_vel,manual,-0.3,0,0,0
,1772303353.286793,/drone1/cmd_vel,manual,-0.3,0,0,0
,1772303353.303016,/drone1/cmd_vel,manual,-0.3,0,0,0
,1772303353.326129,/drone1/cmd_vel,manual,-0.3,0,0,0
,1772303353.346822,/drone1/cmd_vel,manual,-0.3,0,0,0
,1772303353.363542,/drone1/cmd_vel,manual,-0.3,0,0,0
,1772303353.383339,/drone1/cmd_vel,manual,-0.3,0,0,0
,1772303353.403092,/drone1/cmd_vel,manual,-0.3,0,0,0
,1772303353.423121,/drone1/cmd_vel,manual,-0.3,0,0,0
,1772303353.444055,/drone1/cmd_vel,manual,-0.3,0,0,0
,1772303353.463130,/drone1/cmd_vel,manual,-0.3,0,0,0
,1772303353.483405,/drone1/cmd_vel,manual,-0.3,0,0,0
,1772303353.503099,/drone1/cmd_vel,manual,-0.3,0,0,0
,1772303353.523093,/drone1/cmd_vel,manual,-0.3,0,0,0
,1772303353.544000,/drone1/cmd_vel,manual,-0.3,0,0,0
,1772303353.567439,/drone1/cmd_vel,manual,-0.3,0,0,0
,1772303353.585617,/drone1/cmd_vel,manual,-0.3,0,0,0
,1772303353.603255,/drone1/cmd_vel,manual,-0.3,0,0,0
,1772303353.623059,/drone1/cmd_vel,manual,-0.3,0,0,0
,1772303353.643493,/drone1/cmd_vel,manual,-0.3,0,0,0
,1772303353.663146,/drone1/cmd_vel,manual,-0.3,0,0,0
,1772303353.683115,/drone1/cmd_vel,manual,-0.3,0,0,0
,1772303353.703187,/drone1/cmd_vel,manual,-0.3,0,0,0
,1772303353.723841,/drone1/cmd_vel,manual,-0.3,0,0,0
,1772303353.743202,/drone1/cmd_vel,manual,-0.3,0,0,0
,1772303353.763156,/drone1/cmd_vel,manual,-0.3,0,0,0
,1772303353.783138,/drone1/cmd_vel,manual,-0.3,0,0,0
,1772303353.803150,/drone1/cmd_vel,manual,-0.3,0,0,0
,1772303353.823241,/drone1/cmd_vel,manual,-0.3,0,0,0
,1772303353.843162,/drone1/cmd_vel,manual,-0.3,0,0,0
,1772303353.863359,/drone1/cmd_vel,manual,-0.3,0,0,0
,1772303353.883210,/drone1/cmd_vel,manual,-0.3,0,0,0
,1772303353.903040,/drone1/cmd_vel,manual,-0.3,0,0,0
,1772303353.928986,/drone1/cmd_vel,manual,-0.3,0,0,0
,1772303353.943114,/drone1/cmd_vel,manual,-0.3,0,0,0
,1772303353.963139,/drone1/cmd_vel,manual,-0.3,0,0,0
,1772303353.983733,/drone1/cmd_vel,manual,-0.3,0,0,0
,1772303354.003395,/drone1/cmd_vel,manual,-0.3,0,0,0
,1772303354.023136,/drone1/cmd_vel,manual,-0.3,0,0,0
,1772303354.043070,/drone1/cmd_vel,manual,-0.3,0,0,0
,1772303354.064009,/drone1/cmd_vel,manual,-0.3,0,0,0
,1772303354.083078,/drone1/cmd_vel,manual,-0.3,0,0,0
,1772303354.103097,/drone1/cmd_vel,manual,-0.3,0,0,0
,1772303354.123271,/drone1/cmd_vel,manual,-0.3,0,0,0
,1772303354.143275,/drone1/cmd_vel,manual,-0.3,0,0,0
,1772303354.163105,/drone1/cmd_vel,manual,-0.3,0,0,0
,1772303354.183056,/drone1/cmd_vel,manual,-0.3,0,0,0
